"","A1","A2","A3","A4","A5","A6","A7","A8","A9","A10","A11","A12","A13","A14","A15","A16","A17","A18"
"1",121,-152,100,58,169,173,101,-124,-209,119,-92,-47,180,186,-42,90,175,-135
"2",18,99,97,-96,73,55,-121,69,100,-175,-231,-16,49,-84,57,148,203,90
"3",213,-221,246,-4,247,-1,122,-248,-247,-129,127,-130,-128,249,-200,2,245,2
"4",1,1,46,154,195,-192,213,229,-231,68,16,16,227,153,140,98,119,237
"5",121,-181,218,-150,195,240,-137,-198,-232,-46,225,182,187,218,17,157,133,-193
"6",73,-133,62,-44,57,150,158,-227,0,-28,-108,-116,89,105,40,-65,148,-235
"7",63,24,-26,37,107,67,48,-2,110,74,75,-170,56,54,27,73,92,113
"8",130,43,-150,-16,217,15,-224,231,-13,80,137,33,-14,222,16,-13,-239,25
"9",25,108,204,216,241,231,-46,-241,-224,217,103,187,79,243,-31,112,31,-80
"10",-1,3,-2,0,1,-188,248,-216,111,1,2,-2,-1,30,-100,-17,246,0
"11",3,-1,-67,-3,42,91,-170,-205,-217,14,-6,22,-165,44,0,-51,-154,-65
"12",-1,-1,-18,0,-1,-3,1,0,0,1,1,1,1,1,0,0,-1,1
"13",98,-1,90,-101,89,161,-124,-119,-210,56,-35,51,229,99,-127,-73,184,-61
"14",115,89,48,43,177,0,-215,-242,-87,50,0,30,-224,-198,-164,176,2,-232
"15",117,-98,-77,-54,169,101,-121,-194,1,-30,73,-3,43,94,-67,-93,80,-43
"16",-245,249,-41,41,20,-24,-19,-9,9,15,237,237,-19,49,21,23,-7,-21
"17",154,116,228,161,207,194,-177,-222,-140,83,69,166,107,147,-53,66,144,-172
"18",207,-195,194,113,229,114,38,-114,-192,45,-33,29,171,122,36,136,110,120
"19",52,-56,-63,-158,-99,71,-65,-151,-171,-106,-95,-122,122,-168,48,-33,126,177
"20",135,178,238,-131,190,182,-173,-239,-221,-234,215,174,112,222,0,198,-192,185
"21",136,-99,143,-31,128,201,-149,-232,-186,123,-22,51,48,129,109,-47,69,-155
"22",248,-244,-188,-223,-47,18,237,-238,1,-14,-107,111,-103,239,225,-38,109,-187
"23",103,-87,-121,12,241,-227,239,-8,237,239,-231,235,231,243,-234,226,233,229
"24",-78,161,225,36,229,23,-101,-247,1,78,199,163,-102,36,1,183,-20,-76
"25",248,-246,164,250,243,247,195,-199,-98,150,120,165,100,233,80,145,114,148
"26",150,-143,-95,-81,-85,-33,136,175,-51,-168,-179,-78,160,-124,158,-75,-97,117
"27",9,234,175,249,216,57,-160,-250,-250,248,224,142,1,160,-22,119,102,-51
"28",129,-46,146,142,236,211,-137,-144,-233,76,74,113,63,221,38,89,155,-24
"29",184,147,171,98,146,171,67,-157,-215,111,100,59,93,202,145,111,154,182
"30",235,238,248,160,248,248,-191,-246,-244,80,46,26,166,139,98,20,92,129
"31",1,0,-167,3,108,1,-2,12,-2,4,0,0,-217,233,-179,3,180,8
"32",99,-112,-123,-92,-82,109,-83,-126,-77,-151,-125,-64,109,-143,114,51,116,-134
"33",238,9,15,12,-13,200,-229,-221,-15,-12,-16,-10,190,154,-20,-26,-205,-213
"34",17,12,239,14,230,-242,10,-7,-245,12,247,9,10,247,-241,-4,-244,55
"35",-165,106,94,44,129,40,-181,-185,25,51,77,76,-114,136,75,65,-87,-147
"36",-34,176,174,189,152,170,-195,-209,-213,68,-203,-210,28,136,-178,-216,115,23
"37",179,145,145,157,170,217,210,104,-122,177,168,107,161,74,131,-96,128,-138
"38",46,86,198,178,143,233,-210,-243,-244,-62,163,221,-35,121,102,41,-72,-191
"39",-29,5,-16,165,195,-5,148,144,110,125,-124,99,-10,-11,-23,6,-17,-3
"40",14,1,79,1,93,103,185,-221,-149,1,-180,-206,154,59,5,45,-165,-128
"41",-4,-158,99,8,189,125,-237,-212,-56,131,43,166,-102,-67,-71,1,235,-63
"42",237,-228,230,-167,237,248,-130,-101,-167,53,68,98,246,121,-7,-69,127,-75
"43",41,-155,61,-38,190,181,-88,-221,-229,52,18,107,81,232,87,60,77,-64
"44",-57,1,153,160,193,152,-175,-200,-228,144,159,182,-53,230,181,171,151,124
"45",213,141,239,235,154,134,-236,-212,-1,100,-6,119,99,212,27,126,44,-223
"46",198,-212,-206,-49,-216,85,65,74,16,-40,-55,-45,61,-86,-35,-21,55,55
"47",243,135,148,178,211,131,-246,-242,4,1,49,71,-239,239,234,139,215,-232
"48",79,-47,214,154,219,249,-82,-250,-248,-73,1,53,174,250,-57,147,249,-178
"49",209,-209,161,28,224,91,24,-191,-210,-132,35,-30,43,227,-69,-49,82,-160
"50",0,0,-3,3,1,3,1,-42,1,-1,2,1,1,-62,2,-1,-2,2
"51",-229,-1,192,195,229,-28,-170,-3,0,111,136,44,0,74,0,196,0,-76
"52",119,163,18,17,-20,38,80,146,-85,86,28,-113,99,46,122,-56,66,46
"53",148,19,136,208,214,-10,-217,-198,-99,165,89,155,161,107,81,136,-243,-49
"54",72,-20,38,-242,226,0,236,140,-41,-208,-222,-59,222,132,128,-30,-4,197
"55",4,10,7,-6,246,227,-233,-246,-248,4,8,1,186,-1,1,-3,237,2
"56",1,5,3,0,1,234,213,-213,159,6,2,5,3,4,1,-1,0,230
"57",-39,-2,1,0,0,14,195,-6,-10,4,-2,-2,21,-1,34,0,34,-21
"58",-9,-3,22,-1,-1,-2,5,-2,-39,-50,12,2,-4,-6,-2,1,-2,12
"59",-77,-138,201,229,225,118,-128,-165,-119,152,-2,157,-48,142,46,192,-27,-29
"60",4,-98,220,-132,213,51,-53,-182,-22,191,235,242,-56,141,3,239,-17,-80
"61",136,175,245,85,237,51,-138,-234,-229,97,-77,124,-109,240,64,170,126,-85
"62",2,1,248,0,243,10,-241,-244,8,2,234,1,3,245,246,245,247,8
"63",4,0,4,-1,1,110,-236,-230,-233,3,1,184,2,247,235,4,4,-242
"64",5,2,1,4,3,2,5,2,-239,0,2,3,0,3,4,247,0,-2
"65",16,117,183,1,-85,-49,193,13,168,-153,-122,147,-233,-77,0,43,11,-157
"66",195,139,-157,2,211,237,135,-232,-223,-126,-158,-185,122,191,-4,-51,9,103
"67",2,2,244,5,247,-1,-250,-241,2,0,2,1,3,-1,-4,1,-221,1
"68",-236,67,125,186,209,199,-248,-248,-169,226,208,144,-60,107,132,81,-198,-216
"69",182,-60,-205,-182,-229,200,1,-8,1,-188,-232,-250,245,-127,-46,-194,223,163
"70",247,-235,195,-148,55,151,-44,-42,-195,-45,-140,-51,-36,44,1,-116,131,13
"71",239,-241,247,-1,247,247,0,-6,-249,-56,72,-20,211,224,31,74,239,-22
"72",94,-58,-192,-124,-99,221,221,36,-229,-192,-198,-71,233,-220,36,-43,219,52
"73",2,0,0,4,2,-1,2,1,-215,0,-4,0,2,1,124,2,1,0
"74",56,-116,2,5,89,177,-153,1,33,-2,1,-1,-182,-164,2,1,3,0
"75",11,-21,97,42,143,25,12,-150,-12,127,1,63,-103,192,152,98,158,-125
"76",103,131,237,-170,223,239,48,-226,-49,37,84,18,237,104,24,131,-43,-190
"77",76,121,70,-54,164,125,98,119,-74,187,-142,-56,78,153,94,99,85,-230
"78",1,0,1,3,0,0,150,0,-143,61,-2,21,-89,70,35,5,-23,-37
"79",238,-6,232,227,229,208,-179,-173,-218,161,211,171,33,235,150,194,-107,-25
"80",-1,127,115,181,240,117,-214,-234,-171,94,105,113,195,84,119,56,156,10
"81",135,-145,-221,66,62,189,-145,-133,-137,-123,123,49,92,98,-75,123,72,-213
"82",-120,-123,197,-115,-226,-34,142,-196,56,217,56,-15,187,-61,14,-229,22,238
"83",1,-33,-10,-2,6,63,-3,-1,-59,-111,4,-57,4,1,-69,5,-1,4
"84",-58,-28,4,3,-1,2,-77,-9,2,6,6,-46,149,4,4,2,40,93
"85",86,-234,-218,-237,-229,48,114,1,4,-230,-237,-224,-6,-235,-230,-228,72,1
"86",193,-233,1,-230,191,212,230,213,-235,16,229,214,232,241,15,0,115,60
"87",2,1,1,0,1,1,1,1,-1,2,-1,1,-1,1,2,-2,1,1
"88",98,72,136,20,35,133,-166,-195,-157,-46,-21,35,-27,175,47,-37,-93,-73
"89",2,3,-19,-19,22,-21,239,-38,-237,-10,-14,3,-239,-10,-233,-10,240,-235
"90",-20,-12,123,189,234,218,208,-220,-192,80,18,128,-183,203,-24,160,-175,-105
"91",242,-242,-45,1,1,110,69,-138,-226,-1,18,1,232,63,24,4,90,2
"92",4,0,248,242,-3,174,0,-237,242,1,0,2,-2,206,2,2,-167,1
"93",102,-138,4,-46,-62,173,116,107,-136,-60,103,-74,138,-116,-108,-131,92,131
"94",34,1,1,0,1,1,-212,-229,-1,4,7,-1,21,-4,1,3,6,3
"95",-248,1,-2,0,3,-247,0,1,-247,-5,6,-1,0,2,-249,3,-243,-249
"96",213,-197,206,-213,226,233,30,-241,-238,-8,121,10,235,239,-76,101,125,-229
"97",2,1,0,0,1,1,-1,5,3,-218,2,-246,3,169,241,4,120,1
"98",43,-223,-183,-211,-28,229,17,155,-79,-11,-211,-104,35,-133,-85,-38,-70,-128
"99",-236,13,13,19,21,-12,-18,-14,-18,33,234,14,-226,-12,-19,-24,-219,-231
"100",-1,-2,-1,2,-1,1,2,1,0,80,3,1,1,-1,-2,1,1,153
"101",214,-228,-121,-32,-72,36,212,83,-220,-172,-232,-235,36,-117,-213,-194,150,144
"102",0,-53,140,29,81,130,-23,-157,-126,155,92,60,40,211,18,69,-87,-112
"103",2,112,197,209,218,208,-221,-219,-222,224,221,222,221,209,132,219,224,-217
"104",2,6,10,12,4,0,-237,-229,-161,-1,3,1,4,1,4,2,107,-184
"105",1,-124,29,123,1,183,-166,-1,-105,49,2,116,158,-110,158,3,97,-221
"106",203,-239,233,140,242,238,13,-230,-238,228,158,-137,-140,235,237,75,237,239
"107",132,-63,48,140,233,-155,-232,-236,-237,106,87,83,221,-147,88,-197,223,-226
"108",228,-249,-245,-249,-245,232,138,-249,3,-19,3,-13,-9,-10,239,3,238,6
"109",5,3,5,104,0,-102,3,1,6,6,6,3,-4,4,4,1,3,1
"110",216,-107,203,209,209,21,-183,-184,-60,-202,137,123,-197,208,52,196,204,-77
"111",-42,72,-195,-221,190,-196,-175,-146,-213,70,-198,135,-17,-232,69,108,29,-176
"112",-7,3,-156,0,-1,231,16,23,236,-69,-2,2,-2,237,1,-2,243,239
"113",0,-1,4,1,0,-1,-240,-243,-238,2,-1,1,244,1,2,1,240,1
"114",13,-38,107,-46,184,145,-125,-104,-1,30,-80,-78,129,-43,52,-87,115,-22
"115",171,-244,225,-148,176,184,157,-219,-240,226,229,181,207,222,-131,131,155,-80
"116",203,-19,12,-19,-1,234,-53,28,-9,-36,-28,-6,-17,-67,-3,-33,-54,-2
"117",134,-158,179,77,238,234,-78,-228,-228,-92,212,-102,-190,223,-25,63,58,-146
"118",-1,-1,0,0,-1,248,-1,-249,-247,0,0,0,195,1,4,-1,200,1
"119",111,99,-157,128,-144,166,-139,-166,-90,-103,-98,125,93,79,-87,110,113,140
"120",190,217,243,-66,248,244,-50,-240,-237,179,174,196,-114,161,-12,229,117,-132
"121",244,1,-63,-152,-23,74,-238,-22,-241,-212,-21,2,3,-1,-245,21,2,12
"122",46,-104,54,-14,16,216,-68,-18,166,-48,-223,30,27,30,195,22,50,-13
"123",247,-100,28,17,148,195,126,-15,-204,55,78,-140,179,191,140,205,215,224
"124",1,-241,51,0,1,-198,1,2,243,2,-244,2,3,-1,-2,1,0,1
"125",18,-10,-36,-31,31,47,137,54,47,56,-34,-79,121,47,-32,-25,22,14
"126",229,-134,-196,-154,155,234,98,-90,-1,-205,-222,-41,234,175,4,5,224,231
"127",200,-124,194,55,242,227,-210,-239,-201,125,133,90,154,144,-154,41,49,77
"128",234,110,67,-114,-130,7,6,-3,-19,-71,2,106,4,-141,56,8,8,-115
"129",-2,-1,-36,0,2,0,61,66,107,-107,105,178,-101,117,-37,66,21,-63
"130",211,10,205,-2,227,230,235,-188,-57,184,200,215,-165,220,57,218,-233,-241
"131",-239,-64,-183,-3,143,123,233,-240,-1,-79,-204,103,232,1,-12,-171,214,214
"132",20,219,218,213,226,209,-228,-231,-44,102,159,22,-175,176,79,76,65,-166
"133",2,3,-245,250,-8,1,11,0,3,15,-2,-1,1,1,-1,-32,2,-10
"134",148,-55,43,44,-20,-4,-12,146,173,-30,-132,-223,-46,-123,56,-122,171,64
"135",0,-83,2,140,93,231,-89,-248,-244,249,185,38,-1,182,18,89,132,13
"136",84,0,196,27,209,246,-95,-239,-234,2,-2,-1,-78,64,0,0,126,-39
"137",143,-225,-32,-239,-240,242,156,248,-242,-187,-11,-128,246,-175,108,-226,242,26
"138",155,127,46,-31,244,98,-41,-219,25,140,165,119,-2,222,233,144,-1,239
"139",-114,-24,-19,-8,-10,67,78,-196,-1,-28,-17,-27,-98,-46,50,-19,109,144
"140",112,-6,9,-69,-41,63,77,-115,-209,-45,-70,-12,152,-4,0,-1,80,125
"141",-118,129,227,199,182,223,-239,-215,-212,230,213,213,-214,217,142,193,215,-223
"142",75,-77,247,120,238,230,-137,-216,-107,0,-149,-229,5,245,108,47,241,-76
"143",2,1,-2,3,8,5,4,2,-6,2,-5,-11,2,-3,-2,4,-2,0
"144",15,-52,48,-140,63,55,54,42,42,-64,55,-57,30,82,-63,32,53,-26
"145",133,-221,231,114,238,197,4,-175,-221,61,123,85,68,140,128,200,166,-218
"146",-170,-1,80,132,-136,124,-53,106,-147,64,90,-97,-124,-34,110,83,89,101
"147",-51,-21,239,-15,225,20,-233,227,-225,224,-45,229,14,-236,-236,8,15,-227
"148",16,-129,-189,-43,-121,141,101,10,8,-202,-210,-179,47,68,-103,-153,18,9
"149",-6,-1,104,-15,236,134,-201,-235,-107,-211,89,180,180,217,209,-229,237,-216
"150",-23,-22,129,59,216,88,-129,-226,-108,59,-58,114,-187,72,-46,-86,-110,-142
"151",137,-177,1,-135,235,213,-241,-243,-243,-125,143,-223,0,224,60,-209,-233,-37
"152",-2,5,3,2,-93,-30,-90,-171,-4,-1,-5,-37,-216,-33,-13,-30,-80,4
"153",185,-2,-3,4,233,243,-3,-244,2,9,-238,1,-246,-247,-244,-242,249,2
"154",13,-16,-51,71,190,86,-77,-164,-131,53,67,-32,57,214,-28,59,59,-104
"155",243,-239,-102,-5,-96,0,11,81,-231,-104,-19,16,233,-116,-17,-125,0,142
"156",-60,80,245,185,249,248,-243,-245,-122,128,161,183,28,218,90,79,137,-107
"157",-5,57,5,-78,-3,7,-9,-9,-10,-84,-1,2,-1,-19,-33,-82,-5,7
"158",173,12,92,-38,6,-89,-6,-12,-3,6,10,57,60,68,27,69,14,67
"159",246,-237,184,112,247,243,-231,-106,-15,80,-7,-8,81,123,240,142,108,11
"160",141,-1,2,2,-194,242,244,-235,-230,-180,-13,-183,163,22,160,-178,94,166
"161",179,-216,195,-113,228,128,-234,-240,-240,206,234,-35,136,187,-73,148,186,241
"162",192,-211,-19,-111,-119,200,225,229,153,221,192,172,219,185,158,136,174,172
"163",226,-219,-86,-29,53,136,229,105,131,88,63,60,185,163,-32,37,198,163
"164",95,-78,-164,-149,115,136,169,203,-249,-181,-244,-92,244,-72,-91,48,190,249
"165",-26,17,161,59,230,-1,157,-241,-54,114,23,49,130,110,-1,107,227,-36
"166",-122,-3,1,1,1,-1,192,-221,31,2,-2,4,4,4,2,9,-242,247
"167",19,-1,96,-40,135,134,-207,-243,-1,1,0,-1,-243,4,7,-1,116,-234
"168",-1,35,58,179,174,165,-250,-249,-245,51,14,-3,-3,105,7,50,22,-1
"169",105,68,183,194,229,120,-130,-212,-235,60,140,173,-95,182,-33,211,191,-73
"170",234,-15,-11,-99,31,179,245,242,131,18,-16,-13,182,30,25,-25,155,219
"171",77,0,-242,-245,248,84,248,120,-142,-109,155,1,232,-247,3,245,-192,153
"172",100,-183,-200,45,85,157,136,-44,-166,-174,-15,-128,196,-159,2,-71,-1,111
"173",154,1,-189,1,-249,0,-234,150,-135,-3,-1,3,248,2,2,1,242,40
"174",-4,1,0,-46,247,1,-239,-224,-212,-19,-9,132,-217,5,0,-10,-1,-13
"175",71,-24,22,-38,-10,132,-228,-241,-236,-10,-14,-11,175,-85,-69,-112,183,153
"176",-3,9,4,2,2,-1,3,-241,-245,1,6,1,5,2,1,2,0,2
"177",166,-243,246,29,235,101,-138,-221,-247,-42,-94,-141,-155,245,170,89,-92,-183
"178",220,202,241,92,236,232,-182,-222,-243,195,100,158,45,211,60,186,171,47
"179",187,-72,137,241,247,174,0,-234,-247,19,222,197,233,100,174,214,208,-134
"180",-10,3,-97,0,5,-6,-126,0,-175,-9,1,3,1,-124,10,5,-61,117
"181",33,-1,0,2,0,103,-1,-112,-36,2,1,-53,208,64,-43,-46,72,161
"182",147,64,89,-51,198,41,50,-139,-211,9,0,1,126,193,8,-1,55,128
"183",196,170,225,118,196,230,-57,-220,-226,106,81,60,114,79,-50,106,210,-75
"184",1,3,4,181,3,207,-166,115,132,-150,-186,-171,182,-150,-190,-187,172,161
"185",-46,-200,115,-11,-62,-109,-166,-234,-225,-111,-140,-189,115,-59,-106,-54,166,-111
"186",-19,-74,19,-78,157,214,44,29,-215,-64,199,186,168,231,64,25,4,-148
"187",235,-229,62,-221,-233,91,43,93,-166,-171,-38,28,213,-137,-165,-9,200,143
"188",-43,0,0,136,-1,-4,0,0,4,0,1,1,153,110,-1,115,135,188
"189",85,-130,85,-118,166,133,-227,-238,-243,-214,-182,-64,-20,182,38,-72,8,54
"190",70,-158,-236,-17,142,110,66,26,10,10,-43,11,14,9,15,-29,42,105
"191",188,-227,159,-51,133,205,163,-131,-172,42,41,16,138,47,1,27,29,78
"192",94,-103,-224,-182,-114,-178,-41,7,66,-85,40,27,65,-50,-16,-54,-33,41
"193",140,-171,50,127,-183,81,131,-194,36,131,155,157,-135,194,51,-99,-56,235
"194",241,245,244,110,243,236,115,-64,187,242,243,244,193,243,1,2,184,242
"195",37,-1,247,178,248,226,-100,-228,-167,144,-231,173,4,184,158,1,214,84
"196",26,-33,93,123,156,199,221,102,163,135,107,141,189,170,85,120,196,188
"197",85,-119,30,31,-124,237,216,-58,-117,-152,-120,-116,226,-30,-46,-89,159,222
"198",3,2,-246,4,-228,3,0,0,-1,6,-1,1,1,-1,5,1,-248,-1
"199",245,1,244,151,-30,-227,0,-1,-158,231,-1,-3,217,2,2,2,-199,202
"200",1,7,-78,1,-57,148,210,-245,2,-4,2,1,3,-19,0,-214,-192,187
"201",226,-22,45,155,201,85,103,128,-135,124,102,145,109,-77,145,103,112,64
"202",34,153,213,72,197,17,-232,-205,-247,-234,-202,-15,221,-47,27,22,-104,-155
"203",153,2,-131,132,218,1,-106,-177,-17,18,155,145,190,122,199,79,149,191
"204",2,8,-214,214,155,-206,-190,-219,-218,-86,-200,-189,-200,-208,-206,-2,7,-174
"205",241,128,61,35,-32,-79,-240,-241,-25,-25,46,50,46,46,25,26,51,-70
"206",128,-95,81,52,200,109,-192,-149,-196,77,45,-71,211,231,133,85,132,-60
"207",-1,4,2,0,6,-1,10,9,0,55,4,4,-4,6,11,12,-1,-2
"208",-217,-7,-1,-14,19,-35,-189,58,-220,-2,-11,-15,-155,-60,-14,0,36,49
"209",7,128,-131,213,-1,171,-2,-203,34,24,-68,79,-187,124,74,18,135,-173
"210",150,-203,-45,-1,-227,126,119,132,12,-69,-73,-32,160,-63,15,-64,116,-38
"211",-1,3,4,0,3,-6,-1,5,1,-9,1,-1,-2,-1,1,3,2,1
"212",6,10,-244,-249,-244,248,4,19,248,-245,-9,-247,43,-64,-33,1,92,147
"213",174,236,72,230,46,-113,-222,-228,-44,18,49,19,107,-60,54,215,-54,-21
"214",-12,-132,93,-134,9,119,188,-109,76,-147,-89,-123,207,-192,42,-171,202,165
"215",8,-60,-212,-214,-229,180,231,76,17,-117,55,-113,109,42,-25,-132,48,112
"216",-1,-3,188,-4,-1,0,103,-138,185,-4,-1,-119,-4,143,-110,-5,-142,-1
"217",84,-17,114,166,-30,46,7,-51,38,-91,49,65,64,-49,-24,-20,2,-70
"218",1,1,-174,1,2,2,-223,2,1,-1,1,0,-193,-1,2,5,-82,-108
"219",201,-200,241,101,207,77,7,-172,-243,21,-9,183,-46,213,-70,96,-138,93
"220",211,-147,-231,43,-24,-133,-57,-77,-17,-37,-41,-21,-47,-3,-4,-18,-21,-20
"221",220,-194,221,234,225,226,129,-234,-226,207,231,239,110,211,1,157,64,-177
"222",3,0,2,109,2,118,-183,3,-244,0,1,1,236,0,0,1,241,-105
"223",82,180,237,-42,239,228,-239,-246,-239,-24,192,158,-39,236,7,95,242,-99
"224",212,-248,-183,-189,-166,-128,66,-131,-106,-250,-235,-250,223,-250,34,-246,68,133
"225",3,-2,-105,-40,-165,-199,45,227,-10,-6,-135,0,243,-127,55,-82,199,204
"226",110,71,1,237,231,200,-86,-143,-231,118,141,218,114,159,-89,190,214,-83
"227",108,-111,-94,2,-60,53,184,113,50,-200,-217,-192,103,-38,-75,-179,66,124
"228",-4,-6,-242,-139,-2,-1,-4,-3,25,4,-26,-4,-1,-9,-4,-205,-1,-1
"229",-122,113,204,34,83,2,-188,-210,-178,195,153,51,43,204,108,124,171,-108
"230",10,17,22,10,78,166,-240,-237,-1,15,14,22,15,22,12,14,229,-245
"231",77,-44,69,103,172,34,-169,-153,-191,-186,-82,44,134,92,64,-79,-115,-53
"232",234,-5,228,-4,-2,235,-232,0,-4,-18,3,-2,5,220,-9,-1,3,-224
"233",104,-167,-131,-36,45,125,227,-2,-56,-34,-212,-60,0,126,37,42,62,61
"234",1,1,200,0,249,249,-247,-249,249,0,0,0,249,-1,-230,-2,245,0
"235",-177,143,223,-159,238,233,-181,-204,-166,118,185,-132,-174,222,-199,162,64,-155
"236",1,-133,227,8,3,-4,-174,-3,-1,0,1,-1,2,-3,11,2,-1,4
"237",12,-20,-241,-230,22,22,-221,-220,-63,-19,-106,-115,-9,12,-62,-45,174,-122
"238",224,-240,-245,-72,57,247,249,227,-88,-103,-145,-147,130,-51,53,-73,161,247
"239",104,-194,-213,-202,107,138,-34,-195,-213,-185,-168,-161,144,31,-158,69,160,191
"240",237,-37,-22,-129,9,235,116,236,-229,-20,26,-234,85,243,-28,-17,136,-124
"241",-8,-56,-1,2,1,100,-1,1,2,-162,3,3,3,-1,63,2,0,-230
"242",196,-149,225,-37,243,221,-178,-240,-242,-185,-171,7,81,85,-194,-191,40,-127
"243",114,-194,-242,-34,153,185,178,-109,-51,-5,-1,-44,124,147,0,117,129,147
"244",51,-148,-137,-44,-139,43,195,86,1,-47,-165,-74,31,129,160,-2,-2,4
"245",-211,234,-158,-233,-103,228,75,234,-147,-62,-34,-30,227,-226,70,-110,49,166
"246",-137,-22,78,80,145,54,-118,-141,-174,55,43,59,74,33,103,35,55,-95
"247",1,-131,-247,76,119,61,-55,-173,-239,28,132,-66,53,44,213,182,31,52
"248",1,2,1,-247,2,-248,3,2,-248,2,249,1,2,249,2,0,1,0
"249",236,-240,-182,-166,-228,-3,-210,-238,-156,217,66,230,162,238,72,58,238,-199
"250",5,-4,-3,1,-115,-44,3,3,1,2,-44,4,1,4,6,-10,9,-3
"251",165,-135,3,2,-1,71,-202,-219,-67,-56,-3,7,-177,-5,-1,-6,-3,-235
"252",120,75,182,177,250,1,-209,-238,-220,35,80,125,121,191,210,215,-198,-226
"253",160,-172,-225,93,128,117,-95,129,-80,-104,-86,-179,192,106,-64,-108,135,215
"254",54,241,-196,-134,17,204,-232,-218,-217,15,70,167,168,-89,-57,52,212,172
"255",-123,-2,1,5,-1,-2,0,0,0,3,5,1,0,-3,2,0,3,2
"256",153,-165,-159,-156,-74,-65,190,-85,-204,-188,-226,-192,188,-9,-120,-178,93,81
"257",151,-128,-51,-116,-162,58,119,-103,-101,-62,-152,-80,93,-14,-106,-33,101,130
"258",171,-66,52,-59,153,-180,41,-141,-43,192,14,152,-113,227,-22,-56,-110,-212
"259",158,-139,147,106,185,194,31,-187,-237,28,79,13,76,225,-28,37,219,-80
"260",132,4,-2,207,243,240,-150,-239,-240,-69,-1,234,88,213,88,68,121,61
"261",82,-1,122,-1,-1,2,1,-237,-226,0,-3,-4,202,85,0,61,8,0
"262",0,-1,-69,-114,1,86,132,-120,-75,-17,28,-67,-56,44,48,-44,111,-170
"263",67,17,129,192,238,190,-146,-223,-232,175,104,56,233,239,158,-35,-43,-132
"264",-128,79,222,41,159,103,-178,-230,-192,1,141,112,98,118,60,128,137,-157
"265",-150,-29,-59,21,10,-26,-60,-222,-209,7,33,12,-115,8,5,31,-47,-240
"266",-1,2,2,4,-247,248,-247,138,244,-36,4,-238,1,-108,-143,-246,247,1
"267",132,-124,-147,154,128,178,-137,-99,-51,-193,-186,-121,79,30,90,-10,12,-98
"268",0,-179,146,-1,40,249,1,-247,-250,-30,71,72,161,119,0,0,-1,144
"269",8,-237,-146,182,132,140,-224,-229,-234,-4,-132,-1,208,233,2,82,234,-192
"270",142,-48,-83,-1,2,96,-236,-139,-102,-14,-111,0,172,-239,117,-3,200,3
"271",130,104,148,-104,171,231,12,-203,-162,-70,14,-155,229,243,-103,-55,78,-121
"272",236,-134,-1,8,204,208,-212,-242,-219,158,-50,-41,57,38,-180,-37,-29,-115
"273",-143,-22,-38,-26,40,178,204,-218,-105,-13,32,-56,209,42,-31,24,95,177
"274",1,1,63,0,106,98,35,-227,-171,1,80,106,68,123,44,114,89,46
"275",242,-240,-92,-10,74,197,128,24,-177,-23,-130,-134,-102,-48,47,46,153,18
"276",153,-137,192,205,237,193,241,-241,-241,197,212,213,221,213,218,-208,-213,-162
"277",-27,-37,98,164,168,196,64,-153,-131,28,99,110,110,-67,-108,136,214,17
"278",-2,0,-1,0,50,-1,3,1,106,-1,99,2,83,-2,61,100,0,0
"279",239,-47,-146,52,247,233,209,-139,-174,120,-1,238,-128,240,148,186,0,184
"280",-26,132,95,166,93,164,5,3,2,57,14,12,9,8,5,9,12,8
"281",243,-123,-242,15,-81,243,5,-1,-247,-36,-80,-39,235,-152,-11,-122,231,244
"282",180,-209,145,72,154,-109,-89,-210,-244,81,-111,42,-139,100,-99,-132,-124,-215
"283",216,-192,60,-33,-188,98,-103,-59,149,-168,-74,24,59,186,-87,-64,229,86
"284",140,-180,205,81,189,127,-178,-241,-244,61,125,77,58,162,25,21,142,-133
"285",205,-100,222,-33,248,198,-226,-242,1,-106,-226,-3,36,225,23,-143,182,-213
"286",54,-99,88,38,203,179,-147,-145,-56,100,174,133,180,140,-125,102,131,-150
"287",2,246,246,243,241,247,-119,-245,-244,1,4,244,1,43,-237,3,243,1
"288",184,-22,218,-17,221,17,-215,-217,-60,-6,-7,-10,228,-18,-21,-50,180,18
"289",63,-77,-99,-105,-75,100,156,111,-23,-93,-112,-102,110,-80,-83,-67,127,116
"290",164,-15,213,205,203,167,-168,-247,-194,46,209,-1,0,222,3,207,-1,0
"291",216,-201,-234,-20,-140,-52,182,-53,64,-75,72,101,-226,-2,-32,-52,235,242
"292",150,2,1,1,1,-2,1,-248,-248,2,0,0,248,247,249,161,0,-193
"293",216,-46,79,-53,234,163,154,-220,-240,46,-43,-54,110,215,1,-48,35,39
"294",-1,-212,-221,-237,-227,45,-4,9,-150,-173,-148,-191,-69,-244,-1,-235,0,-1
"295",243,248,-6,248,244,223,-106,-243,1,242,242,236,200,-44,-30,33,188,194
"296",189,-160,-59,-184,-72,139,113,3,2,-11,-41,-34,34,58,16,-65,67,126
"297",36,5,1,1,0,168,1,-232,-163,-5,-3,2,-1,5,1,-8,138,-4
"298",4,6,1,-143,-232,243,237,175,3,-235,-238,-238,241,236,8,-226,223,247
"299",230,243,243,-65,241,156,-111,-239,-244,0,-70,-190,1,233,-1,53,-45,41
"300",85,-248,-245,-124,-96,-199,101,249,-52,-188,-237,-247,166,-124,-1,-129,182,5
"301",0,1,76,-240,-89,27,65,199,1,-78,173,-66,228,-95,44,1,84,-89
"302",51,57,98,114,142,130,-54,-168,-218,58,-58,27,47,145,21,60,59,-70
"303",162,-142,-130,-95,128,148,-117,-65,-166,-133,-132,-122,127,-83,-143,-140,147,122
"304",-17,18,147,143,13,56,124,-76,-248,140,175,110,130,109,101,208,194,-67
"305",249,-249,-249,-1,-188,188,0,-4,-2,2,0,6,3,1,-2,-249,228,0
"306",107,62,99,85,217,123,98,200,1,137,36,17,221,39,53,-21,160,141
"307",2,4,4,-4,-10,-8,-223,-239,4,-213,5,-17,-1,-30,-7,-1,-2,9
"308",193,-127,-64,-67,52,136,60,-63,-39,-38,-44,-41,45,34,38,30,25,-38
"309",105,-93,206,73,225,237,158,-243,-199,158,153,123,144,219,20,150,64,-108
"310",3,-2,241,0,246,249,0,-245,-246,2,6,-2,245,245,-1,0,236,0
"311",192,-143,164,179,209,150,-161,-179,-236,22,-104,-67,141,174,171,69,197,-35
"312",111,-87,25,-47,-213,231,127,212,208,-99,-149,62,-75,206,168,151,205,164
"313",242,-235,-234,-222,-103,228,136,15,-222,-170,-95,35,82,65,174,-224,89,82
"314",248,1,-246,1,4,249,-245,8,8,1,3,3,6,5,-4,0,2,6
"315",2,-5,-5,-1,-172,249,-73,-157,42,9,-82,-1,21,-19,102,7,72,-59
"316",162,-1,-2,-4,-1,-2,1,5,-4,-1,-2,0,2,-8,-3,4,211,4
"317",-164,-131,129,42,223,22,-231,-225,-217,33,127,33,1,209,-1,24,178,-149
"318",-233,-141,231,59,239,238,-230,-238,-115,116,240,213,234,234,-125,130,0,-125
"319",100,110,163,1,1,128,-1,-166,-219,116,119,119,149,163,-81,62,177,-17
"320",95,-78,-72,-43,-102,136,132,95,137,-97,-230,-72,101,-157,120,-106,102,121
"321",4,-1,-245,77,95,79,-65,-137,-21,84,2,0,-97,-42,1,-35,24,-20
"322",2,2,0,-248,-2,244,-3,-246,-247,1,4,5,7,247,1,2,249,-1
"323",165,137,144,-132,200,30,-157,-213,-226,140,118,45,-180,239,-176,-216,44,-223
"324",-69,-46,46,70,74,72,-65,-140,-118,78,102,141,-61,102,78,117,-189,-119
"325",-56,57,237,-7,235,234,-216,-211,-213,197,178,214,-171,234,174,-217,209,-183
"326",117,-20,46,48,146,130,65,-121,-31,45,33,93,124,229,71,132,192,-53
"327",-1,58,127,4,1,1,2,2,-166,7,-3,85,110,168,4,66,85,-77
"328",12,5,233,227,3,-206,-1,24,-232,7,208,-2,-214,30,-17,30,-7,-7
"329",-156,-128,113,143,185,124,-73,-174,-172,92,162,112,155,204,114,145,164,-148
"330",240,-10,-50,-20,-114,243,-232,-234,-236,-8,-22,-12,127,74,106,-1,228,0
"331",219,233,247,-98,229,131,-35,-248,-217,140,168,174,-213,193,-109,138,-187,-224
"332",7,-243,241,5,82,247,4,-248,-238,45,245,154,84,233,-55,-18,-19,-243
"333",1,-153,-137,8,218,51,-137,-244,187,78,41,185,57,222,31,98,209,-187
"334",3,8,9,-1,1,1,4,3,136,-66,-81,9,8,-1,1,-17,1,3
"335",-2,1,106,1,2,26,-169,-155,-222,3,-119,-1,-6,124,55,-12,78,3
"336",229,214,234,233,242,238,117,-234,-229,14,236,242,239,238,244,237,242,237
"337",4,-35,138,0,33,235,240,-2,-215,247,23,68,-233,-1,-4,-2,-1,-207
"338",1,-64,-119,-65,-177,37,101,0,-1,-121,-34,-45,46,33,43,-29,114,121
"339",-2,-31,-96,-7,-2,244,0,0,7,226,-4,89,3,-245,-2,3,-3,1
"340",217,224,212,177,220,221,216,192,-231,161,171,189,211,193,39,130,211,201
"341",-1,-32,-114,23,-58,151,152,56,-146,-85,132,92,174,92,-38,25,112,22
"342",139,-174,-103,-18,62,192,157,67,-198,-67,-64,47,-93,-1,64,-29,109,-59
"343",-201,-46,-219,44,153,94,-142,-178,75,-18,66,79,61,87,88,53,134,-69
"344",1,-2,-47,-1,10,246,219,-234,-223,3,1,-2,-1,-1,171,1,1,-2
"345",241,-239,219,-48,226,231,161,22,-229,216,111,66,132,163,-11,-35,42,-49
"346",-231,-197,-154,-193,-130,45,-97,-237,-211,-71,-141,-38,-198,59,-128,59,127,-87
"347",118,-93,-25,-44,71,131,-6,-23,-125,-61,-85,-137,83,193,-75,52,53,-45
"348",227,-234,-156,-245,-202,207,224,-222,-211,202,158,189,242,245,124,172,162,230
"349",19,70,70,29,35,42,58,67,72,96,56,52,59,52,43,56,63,52
"350",86,-116,240,216,247,242,-243,-244,-244,-183,193,65,-181,244,-195,174,-199,-226
"351",249,-248,-250,-248,-247,2,249,249,-67,-249,-248,-247,249,-248,-248,-247,247,249
"352",-103,-142,95,-155,180,226,-222,147,-213,39,94,91,-152,141,-110,-184,81,-220
"353",235,-1,33,42,-69,105,-72,-215,-231,17,26,1,43,72,25,-39,77,191
"354",3,2,-3,12,3,6,6,-227,-4,-127,-227,-144,185,-62,66,-132,94,20
"355",221,9,195,30,137,164,-214,-221,-233,31,23,99,-46,163,9,53,174,-158
"356",96,-27,-110,184,-72,112,52,108,77,-96,-90,-88,76,-82,77,91,90,78
"357",247,-97,-161,-159,115,103,201,1,-26,-83,-145,-48,227,211,102,-171,-39,138
"358",245,-128,241,-85,190,100,-95,-244,-94,-120,68,167,-105,227,32,47,174,-134
"359",-70,-2,-35,-67,-234,248,-9,7,225,0,-2,-16,-7,-248,-9,-18,16,20
"360",116,-47,-102,-36,-108,-104,120,115,-64,-71,-96,-78,-66,-101,-74,-61,96,106
"361",53,204,218,66,209,196,-191,-216,-93,99,165,166,155,184,71,-44,107,-98
"362",12,-54,-123,-158,-33,77,74,38,-17,-99,-152,-134,59,16,-38,-108,69,48
"363",231,-215,224,-9,215,227,23,-204,-222,-125,-126,33,33,224,67,-52,132,-51
"364",-14,57,-115,1,158,200,56,-96,-64,46,-41,122,19,-25,-81,-60,140,31
"365",142,-70,110,101,245,243,-111,-148,-243,38,22,137,142,212,228,-1,-243,-63
"366",229,-31,-186,-221,-201,98,185,128,3,-102,-113,-185,226,-78,-34,-181,192,248
"367",-232,234,210,229,230,88,-132,-201,90,147,154,161,-53,122,2,166,-99,-239
"368",0,-1,-1,-2,110,1,-2,-2,-231,-3,0,-1,29,63,-44,0,149,-3
"369",190,58,195,-231,241,35,-238,-4,1,243,228,0,-219,246,-12,-223,244,-233
"370",1,-14,-206,-61,-28,47,127,6,37,-41,14,-72,30,-45,-207,-24,13,182
"371",200,-160,-166,-182,-191,51,137,155,-125,-165,-177,-142,170,-170,-123,-129,97,179
"372",40,-66,132,213,242,125,-178,-238,-247,181,-9,245,159,244,131,182,51,85
"373",53,4,79,4,1,-64,-131,-103,-153,105,-185,218,77,75,-155,3,193,-101
"374",24,-12,-123,-13,-13,179,24,-32,-15,-19,-17,-20,214,-16,-18,-19,-14,-12
"375",178,-2,-23,135,25,232,16,-217,-196,14,214,132,144,154,187,13,1,176
"376",203,72,239,218,234,233,-213,-227,-235,166,191,210,0,234,1,141,-162,-227
"377",0,-1,135,-247,247,248,1,-140,-242,-9,26,184,-132,236,166,64,182,-129
"378",72,-59,63,-106,218,234,-82,-249,-244,228,158,238,145,247,149,38,-250,63
"379",146,-188,-196,-180,187,-128,171,118,36,141,130,68,92,31,56,-72,-60,136
"380",144,-30,160,91,234,240,-214,-238,-241,84,68,58,-1,216,64,-67,81,-158
"381",75,-189,43,-153,-180,85,90,166,-52,-13,-46,9,-43,110,42,-166,42,184
"382",61,127,133,132,158,174,103,122,-185,159,181,134,145,122,180,155,164,-92
"383",1,1,1,1,182,167,0,-1,-208,9,5,9,146,238,116,165,240,234
"384",-8,132,-206,196,191,-62,-139,-58,-207,208,213,215,242,179,226,226,159,229
"385",4,-143,-229,-214,-202,21,172,169,108,-58,-119,-108,84,32,106,-117,160,179
"386",0,-1,75,-1,54,74,-1,-94,-38,37,38,46,-1,24,-9,46,32,-2
"387",-19,-218,-191,-22,-27,-19,-191,-175,37,2,-27,20,37,-99,-50,-85,69,-207
"388",103,-185,155,174,228,226,110,-239,-247,120,44,127,241,103,-49,6,-39,-9
"389",1,0,0,-1,1,2,-159,-193,-192,5,9,1,-113,1,-1,-1,-4,2
"390",-47,-12,35,16,25,-8,-17,-236,14,18,-22,-18,-9,-23,-9,-12,-223,-10
"391",148,215,242,25,238,242,-232,-210,-242,160,94,94,-135,241,200,229,-80,-223
"392",60,1,-140,1,-62,59,-1,146,-52,-82,-126,-44,95,1,-46,-77,249,86
"393",127,-145,-102,160,195,145,-137,-99,-164,169,144,160,150,176,-206,198,129,-184
"394",214,-1,1,0,0,248,108,-220,-248,1,-1,-1,201,3,1,-2,127,105
"395",137,79,-154,-216,106,79,76,122,-139,-120,64,-70,138,-100,-104,130,81,-37
"396",-15,-7,-31,2,228,219,-1,-249,234,237,-8,-243,-245,246,-5,-4,-243,-243
"397",150,1,0,1,0,1,171,2,0,2,0,1,1,1,-3,-2,1,-1
"398",230,-228,-234,-192,-107,1,196,1,-79,-77,-171,-145,184,81,58,-70,100,105
"399",-137,-22,38,-51,91,125,-222,-222,6,4,10,-37,7,141,-50,-117,-28,-230
"400",1,-132,-223,-224,-111,138,226,-201,-216,-124,-135,103,185,178,-33,-25,147,-212
"401",-4,1,161,109,227,76,102,-177,-232,181,215,106,135,218,67,55,227,-180
"402",228,-215,-201,-54,-135,-83,-38,-81,122,-83,-68,-80,129,-41,24,-8,43,99
"403",1,33,22,-97,195,239,-170,-237,-219,-107,-106,161,-1,186,-59,-39,192,-223
"404",72,43,157,-27,183,136,-100,-202,-147,102,216,97,115,134,-119,43,112,-169
"405",1,2,101,111,5,227,-228,-240,-226,-64,127,161,-221,226,43,78,171,-239
"406",132,-113,111,-177,232,221,221,221,-226,-10,-57,-14,207,224,172,-114,46,-229
"407",244,241,248,134,247,247,-4,-248,-249,124,109,98,190,226,170,212,179,111
"408",-93,-197,115,-226,231,83,-41,9,-171,-213,33,-114,217,-35,203,160,239,189
"409",209,-239,173,1,93,239,22,-15,-35,185,-18,-18,233,116,21,72,77,114
"410",6,-1,4,-1,1,249,-243,8,1,0,0,-12,1,247,231,-1,214,2
"411",201,83,99,118,106,129,-147,-57,-126,93,124,97,-127,127,121,112,146,-84
"412",-149,-196,-1,96,227,138,-143,-134,-80,-10,165,-82,-71,226,199,202,191,-220
"413",1,-1,247,-249,1,249,-2,-247,1,248,2,1,-1,2,249,1,1,1
"414",5,-98,153,-2,4,-165,1,-2,198,-1,185,1,230,-2,-71,-3,2,213
"415",4,-3,1,-228,-232,-4,222,-1,3,3,-2,-226,0,-1,1,3,229,7
"416",-180,-242,4,-127,-245,236,1,-88,140,-161,-235,1,246,-34,233,135,-4,3
"417",-19,-21,-28,4,1,228,-222,-232,214,24,-18,73,-88,191,136,81,75,124
"418",171,-180,-153,-42,-215,216,148,111,-21,-161,-206,-66,200,-168,-68,-93,108,158
"419",-132,-219,-233,-124,-96,190,211,164,-117,-127,-110,-136,163,172,137,-133,218,172
"420",-143,-51,-150,1,178,186,-224,-238,0,-1,3,2,1,195,4,1,230,1
"421",-245,0,0,-2,-53,3,141,-247,-123,-1,-102,1,247,-2,-1,-3,247,-2
"422",1,-172,233,167,226,131,-189,-222,-242,-128,-196,148,181,204,110,119,-117,-185
"423",-135,119,237,246,-234,-245,-136,-240,0,153,-132,-243,-233,-139,0,-112,-53,-235
"424",-168,-14,1,-19,-45,210,-188,222,-217,1,-10,-8,-194,-19,-4,20,-231,-224
"425",125,-6,-63,-249,-238,93,228,-5,-7,-9,-123,-184,91,-3,112,-3,180,108
"426",-10,-228,-233,-67,0,234,132,0,-238,59,221,127,194,230,-111,79,235,-136
"427",28,-71,84,67,191,191,-101,-205,-226,1,46,46,-40,223,90,72,111,84
"428",55,-167,-163,-47,161,174,85,-197,-207,-158,50,-213,72,124,72,-60,157,69
"429",246,-247,-248,-168,-143,246,121,248,244,-5,-5,-4,246,-242,84,-242,7,245
"430",221,1,1,1,53,75,217,1,-84,0,0,0,16,48,2,2,59,142
"431",114,175,123,-138,212,92,84,-233,-248,-219,-188,141,-24,236,-121,-121,227,-103
"432",235,1,55,-60,144,187,-229,-246,-222,74,153,-36,-79,236,-19,39,34,-69
"433",94,-230,-228,-14,225,240,239,-15,-199,-22,0,-227,242,181,94,-214,219,237
"434",9,10,248,246,-1,0,3,-244,-247,-4,6,240,-4,246,227,-2,236,1
"435",1,0,-245,-1,-250,248,3,1,4,2,2,-2,3,1,-1,-250,5,5
"436",0,1,1,1,2,212,249,249,2,1,-1,3,220,66,2,39,76,245
"437",133,-72,-148,77,50,90,61,89,-200,-100,97,54,120,68,34,56,29,98
"438",-66,-89,-2,-76,-81,-114,91,91,153,-134,-140,-122,91,-123,0,-74,107,144
"439",228,-126,172,-61,190,131,-74,-226,-239,169,11,45,81,198,-39,144,230,161
"440",241,-218,-168,-121,-174,7,122,85,0,-86,-26,-62,179,-100,58,-190,241,187
"441",247,2,-239,0,1,249,3,-245,247,6,4,-242,-3,2,248,2,-67,2
"442",-241,-85,-23,-2,-2,77,151,0,-29,-34,-1,4,22,-54,135,0,7,-4
"443",-98,12,-43,-50,6,-2,30,-158,3,11,14,-7,-1,15,-4,6,-3,-14
"444",61,-93,220,38,248,231,-237,-243,-247,215,50,159,158,247,-80,-13,-67,-28
"445",0,-161,-248,-66,-144,130,136,-1,-133,-119,6,-12,-2,62,0,12,-10,-6
"446",81,-35,94,-125,92,-106,-107,104,14,-23,8,-138,185,107,-112,47,116,184
"447",0,-80,53,96,148,179,-121,-221,-212,-1,-49,25,144,188,46,150,78,149
"448",233,-84,-2,-83,-2,226,218,-235,-237,-26,-103,-42,156,-19,5,-12,204,233
"449",123,-108,212,1,248,246,-49,-250,-250,35,249,56,28,250,-248,208,137,44
"450",6,-16,-155,-93,-9,149,231,226,-85,-106,-35,-25,129,-45,-29,-23,85,38
"451",-240,245,247,247,217,95,-37,-244,-247,211,174,110,-208,230,85,210,-62,-209
"452",44,147,96,-132,73,-136,26,88,103,78,66,-99,-144,77,53,26,8,-98
"453",250,1,1,-35,147,77,248,-126,0,-142,-167,-34,148,-1,-143,74,91,56
"454",150,-66,92,1,-114,56,0,-74,-31,23,-66,56,37,100,6,-100,109,16
"455",130,133,208,1,210,41,-161,-228,-244,32,-94,-29,55,187,-59,83,-104,-72
"456",186,127,228,24,240,116,26,-137,-198,216,93,2,41,213,49,119,77,82
"457",-202,6,2,9,-51,167,-57,-226,-242,2,-10,76,239,-106,-242,-16,241,-51
"458",0,-1,0,1,-1,2,45,-94,-120,-23,-41,-70,62,-36,-2,-25,97,-201
"459",1,-218,229,81,230,133,-230,-234,-230,-231,-227,-83,217,220,-138,-213,129,-78
"460",126,170,168,214,211,163,-122,-141,-221,119,152,145,69,234,186,144,170,-130
"461",187,-79,67,-187,-38,150,66,-95,-190,-92,-216,-110,173,110,-106,-84,118,73
"462",73,-74,-200,-221,-5,230,-14,77,181,58,-6,-37,-18,-18,142,-198,187,46
"463",199,-202,-1,51,217,242,1,-215,-229,-76,-46,80,113,150,-110,77,194,-71
"464",132,-124,-183,-249,-22,249,1,1,-148,-1,-30,-125,79,-148,-98,-142,247,53
"465",242,-108,-20,-84,-34,25,227,70,25,-60,-101,-129,60,-23,-103,-104,110,133
"466",92,-187,-246,2,1,1,234,228,-156,3,3,3,3,3,3,-136,214,200
"467",245,8,-242,-241,244,247,246,-245,-244,-112,-245,-126,245,243,140,-244,-126,-241
"468",123,2,10,-5,5,2,-178,-2,2,5,3,3,0,-3,4,3,4,249
"469",-22,123,247,180,234,102,192,-213,-219,145,174,179,192,228,221,114,94,140
"470",71,-153,-203,-51,-202,2,104,147,-17,-216,-156,-163,226,-234,24,-216,143,132
"471",223,-119,137,47,183,130,-75,-202,-231,27,183,32,123,203,-75,152,-106,28
"472",235,-196,-242,111,133,193,1,-185,-238,216,-245,66,237,229,-136,147,127,232
"473",194,159,217,231,174,201,0,-234,-249,135,99,185,-146,-179,94,-202,184,-237
"474",121,62,178,108,204,119,-163,-209,-13,168,240,140,-213,224,65,64,127,-160
"475",1,-215,-169,-93,-179,92,1,160,37,-87,-46,-132,144,-138,-33,-121,33,172
"476",0,0,-4,0,-1,235,8,-132,-241,1,0,-1,0,2,-1,-2,131,2
"477",161,-101,-111,-186,-218,-218,-218,-218,-218,-99,-22,-124,-124,-124,-124,-124,-124,170
"478",140,-125,162,53,23,143,46,-209,-192,105,230,59,239,-47,3,-87,146,162
"479",-108,-101,-65,57,-65,60,106,200,184,64,-14,159,28,-62,-141,129,212,212
"480",-59,95,-1,81,128,100,-214,-208,-247,132,119,39,57,134,81,169,0,-149
"481",-58,-11,8,51,9,25,-10,-4,-243,4,59,120,-12,-145,1,143,-26,-4
"482",250,-208,208,-64,218,228,-85,-209,-218,-241,-161,-134,197,132,-40,-17,147,69
"483",4,0,-74,3,-71,-1,-2,70,-65,-103,2,-58,-2,-52,-56,-18,15,47
"484",-2,-2,-3,-179,-2,-3,190,212,0,-157,-1,-249,-2,7,-2,7,2,0
"485",81,-72,-175,-59,44,228,39,45,-201,-147,-212,16,57,61,-189,-55,161,25
"486",111,-172,207,-52,250,249,0,-226,-249,0,0,81,28,247,8,46,249,-43
"487",18,-36,-137,-1,143,-46,-88,-201,-250,-64,55,53,-74,208,39,42,-66,1
"488",-2,-119,164,-34,229,216,1,-242,-235,29,234,6,244,35,-4,242,43,227
"489",205,-238,-33,10,174,22,-179,-225,-246,-55,-6,7,-14,228,-240,217,-222,-99
"490",-176,-107,118,226,99,137,-203,-230,-197,154,168,141,183,178,144,190,173,184
"491",212,-67,212,0,244,48,1,-103,-229,-2,1,-3,109,216,50,1,225,0
"492",154,64,204,-46,177,54,-125,-37,-174,-1,37,43,1,77,-1,92,147,-43
"493",-1,4,2,-2,-238,196,-5,0,228,5,1,4,1,232,190,214,231,-5
"494",78,-1,-237,70,-14,188,23,70,170,-5,-215,-11,227,239,-3,-12,-10,-10
"495",-1,5,-1,8,1,-1,-54,1,4,1,1,-1,-1,-124,95,-147,89,-22
"496",153,-238,-176,28,-51,-124,-129,-137,-236,-107,-5,1,76,-2,66,17,9,51
"497",-1,3,6,-2,-4,2,0,1,1,-1,1,2,4,3,-79,-3,-3,-2
"498",3,1,3,4,9,1,0,-239,-236,3,3,1,4,5,3,5,7,0
"499",65,43,96,-203,103,84,-4,56,-186,-200,-156,-189,103,-182,-167,-102,146,-161
"500",1,3,-223,1,-248,1,0,1,192,1,-246,-228,-1,-231,-68,1,236,1
"501",0,2,-144,3,-178,1,158,-230,-138,2,1,2,-245,1,2,1,3,-242
"502",1,-41,-135,-67,-141,47,84,49,-1,-153,-173,-55,48,0,-26,-33,34,14
"503",60,-159,48,-213,34,0,27,92,-158,-66,-132,-96,232,92,-46,-8,129,-111
"504",239,-238,-208,-167,133,91,242,-227,-242,111,73,73,131,-42,35,-103,85,-111
"505",189,-186,230,137,232,189,-91,-181,-148,87,89,69,84,231,142,150,86,56
"506",202,79,-209,213,83,89,80,-43,177,140,124,79,99,69,36,132,57,107
"507",246,1,1,1,245,208,10,-241,-57,-1,137,189,145,245,67,56,238,191
"508",8,1,-158,-192,237,216,232,226,247,-1,-202,171,236,230,-2,168,0,235
"509",46,-181,-55,-182,71,84,-128,-141,-183,-77,-173,-143,74,46,4,42,127,-81
"510",-22,-2,-6,-5,-2,-5,31,5,-8,-8,20,15,15,-8,9,-2,37,46
"511",234,-100,-77,-226,-69,18,189,150,-4,-24,-12,-19,247,3,1,-12,87,140
"512",194,-191,220,237,213,231,-195,-129,-227,210,-33,174,62,198,3,74,241,182
"513",0,1,0,-1,72,137,-229,-236,-215,0,-2,42,-1,41,126,4,124,3
"514",72,-56,156,76,184,71,-58,-178,-213,114,167,35,64,194,51,56,90,30
"515",-104,-106,-106,-106,-106,-106,-106,-101,-100,-100,-98,-96,-95,-100,-245,-246,96,-235
"516",2,1,247,241,245,1,-245,-240,247,1,1,-240,1,0,1,-1,234,237
"517",61,112,231,238,223,193,-187,-232,-209,103,50,-110,199,128,46,230,165,-210
"518",7,39,36,-22,5,27,24,3,4,-18,-2,-18,-56,-41,-72,2,-51,-10
"519",1,0,3,4,134,2,3,-3,173,-1,8,7,-6,6,5,3,-231,6
"520",1,1,0,-1,2,-89,209,1,1,1,0,0,1,1,68,1,2,1
"521",2,-1,236,5,240,0,-245,5,-243,1,-1,245,-1,241,-247,-1,-247,4
"522",196,-179,-113,136,228,175,-203,-239,-231,-66,-110,-73,-80,236,50,73,109,-169
"523",3,-1,137,-2,133,0,21,-1,0,0,1,-1,0,0,0,-22,140,-22
"524",169,-190,-22,-54,-127,-81,74,35,27,-103,-173,-50,65,-34,-78,-68,114,141
"525",242,-124,240,95,246,246,-8,-241,-246,241,79,238,244,240,-13,83,-243,107
"526",129,-138,217,165,238,17,-216,-195,-223,31,-152,42,111,217,30,61,159,-57
"527",227,-148,216,184,205,-87,-32,-132,-43,-124,-187,114,207,-25,-64,-103,43,178
"528",-12,30,243,178,239,244,-241,-241,-246,120,54,234,235,234,14,90,241,239
"529",1,0,5,-2,-23,-6,-3,-245,-248,249,244,-5,-3,-5,0,238,-246,-2
"530",-6,2,237,-1,233,-222,9,4,-4,11,246,227,6,-1,-217,2,-2,3
"531",-37,66,-31,-29,107,29,-183,-236,-225,5,52,50,-71,227,59,106,162,-236
"532",-46,4,-3,2,1,137,202,229,9,2,-8,-18,187,-9,-149,7,228,5
"533",130,-104,80,-57,111,147,-67,-108,-147,-111,86,75,-70,43,-48,88,-92,-72
"534",20,-200,241,-39,92,25,-57,181,-233,132,-96,117,163,118,35,-11,192,-104
"535",56,57,105,64,82,84,-132,-164,-145,91,148,77,-124,56,43,59,-112,-90
"536",86,150,198,177,155,144,-65,-225,-233,45,55,38,91,119,52,175,105,-65
"537",46,-68,194,120,216,201,-192,-179,-236,77,95,69,-79,203,84,79,1,-247
"538",235,-237,157,210,201,208,149,-92,-183,138,131,-150,-115,218,-67,-55,-54,105
"539",165,31,18,3,8,244,-234,-199,-205,23,19,38,-184,-223,-206,38,43,59
"540",-25,228,217,33,233,-51,-100,-233,-131,46,79,178,-228,227,91,77,-213,-229
"541",147,-91,221,-87,161,135,208,-246,81,128,237,-229,71,-19,148,177,130,7
"542",59,-35,15,-209,-219,0,26,95,-23,-73,-230,-144,114,-64,-161,-141,-107,91
"543",208,-209,193,71,160,199,-221,-205,-248,53,-182,46,94,204,-186,-146,224,-161
"544",24,-65,-248,4,142,84,-14,-2,25,123,36,145,-69,63,0,106,3,-14
"545",80,-205,-156,14,33,226,221,-138,-32,-91,-69,33,60,48,35,-111,46,51
"546",106,-105,19,67,132,83,-69,-50,-153,-54,93,64,124,66,-61,-63,101,-43
"547",-2,4,247,2,202,1,1,-161,0,3,1,2,1,182,0,0,1,-1
