"","V1","V2","V3","V4","V5","V6","V7","V8","V9","V10","V11","V12","V13","V14","V15","V16","V17","V18"
"1",193,-205,-172,-212,-180,14,229,211,198,-231,-210,-215,212,-69,-186,-210,164,187
"2",-18,-212,-212,-86,-101,145,117,-98,-29,-133,53,107,137,122,-89,-116,-57,-122
"3",211,-221,-245,-244,1,-1,246,249,-2,-248,-248,-247,248,-126,243,-248,1,246
"4",187,-161,-57,-211,-179,197,191,218,221,-219,-234,-242,231,241,-85,-231,11,-239
"5",202,-226,-199,-231,-193,151,199,190,195,-221,-228,-214,203,-205,-38,-187,202,174
"6",166,-185,-139,-65,-126,1,145,81,-57,-200,-197,-126,211,57,-55,-244,-1,228
"7",36,14,-86,74,140,73,175,137,136,186,104,-225,163,-166,-168,-184,-184,180
"8",118,-25,137,-231,22,241,-26,237,11,-35,-79,-38,40,-39,-30,16,22,24
"9",208,-233,-209,-245,-182,131,239,211,11,-237,-239,-245,238,8,-182,-235,34,232
"10",242,-247,-196,-248,-250,-1,1,-4,-1,-137,-209,-77,247,0,-1,-1,0,229
"11",2,1,-211,-218,-170,69,166,217,78,-203,-214,-206,207,90,-2,-102,110,117
"12",205,-243,2,1,0,38,27,0,-1,-1,0,0,0,-45,-2,-247,23,238
"13",212,-153,-247,-143,-161,-1,161,247,0,-129,-175,-50,222,-36,-71,-190,153,107
"14",134,-242,-230,-207,-232,-1,184,238,84,-195,-214,-221,221,-188,-134,-200,113,249
"15",186,-207,-84,-97,-175,186,195,170,34,-137,-103,122,237,-178,-184,-115,2,189
"16",246,-247,-108,-33,-229,226,234,238,18,-239,-230,-232,56,-17,-122,-242,35,215
"17",195,-197,-218,-237,-217,2,203,215,-23,-227,-221,-228,212,-201,-106,-195,2,191
"18",239,-208,-205,-230,-231,145,197,230,-56,-169,-206,-205,237,-172,-172,-182,160,173
"19",63,-56,-64,-191,-227,67,98,102,126,-142,-80,-130,137,-116,101,-196,94,99
"20",234,-213,-242,-228,-42,81,220,233,35,-231,-225,-110,224,-36,-238,-123,176,199
"21",116,-105,-141,-226,-202,-82,143,169,160,-145,-170,-156,137,-171,-171,-176,73,119
"22",248,-246,-189,-211,-54,177,190,238,-9,-236,-240,-228,235,-245,17,-243,9,233
"23",-54,-201,-238,-244,-227,-226,242,242,239,-243,-236,-243,230,69,-234,-213,202,227
"24",194,-184,-218,-206,-73,40,209,249,1,-83,-219,-171,183,-233,116,-132,130,195
"25",250,-248,-219,-247,-246,-54,233,227,232,-243,-240,-59,164,-174,12,-232,111,159
"26",137,-135,-166,-205,-134,211,148,124,124,-209,-118,-116,106,96,100,123,130,127
"27",16,-232,-45,-247,-136,80,156,128,-94,-248,-223,-246,247,-17,-40,-185,87,136
"28",116,-155,-148,-133,-121,1,116,114,233,-140,-132,-131,120,-126,-124,-130,120,17
"29",161,-150,-151,-155,-95,12,192,158,68,-186,-202,-133,111,-174,-166,-153,163,140
"30",234,-235,-247,-109,-247,249,237,244,-30,-199,-125,-225,226,-216,-176,-239,-210,221
"31",-187,-198,-4,224,-135,223,226,221,233,-245,-235,-232,11,4,-1,-214,-3,230
"32",104,-176,-125,-129,-113,123,192,125,195,-121,-140,-179,94,-102,-96,-134,121,175
"33",212,-243,-13,-15,-12,38,220,219,19,-244,-241,-238,213,-121,-67,-221,178,197
"34",242,-245,-12,-247,-9,243,240,247,-15,-241,-3,-244,247,-1,11,-247,23,216
"35",128,-119,-100,-68,-83,115,157,145,-21,-67,-100,-39,97,-18,-32,-30,87,135
"36",203,-205,-208,-197,-231,86,183,213,131,-212,-208,-56,217,-171,-87,-213,184,213
"37",90,129,179,124,119,152,183,-162,158,190,188,131,163,126,182,139,-80,142
"38",151,-124,-142,-217,-116,0,175,159,-4,-155,-136,-160,77,96,-131,-81,123,158
"39",14,0,-3,136,-95,1,-119,126,-102,-147,106,-98,2,172,-12,-183,91,156
"40",159,-170,-222,-226,-201,0,206,207,-2,-197,-169,-203,174,-93,-55,-180,190,145
"41",158,-70,-95,-240,-175,105,137,158,49,-186,-168,-42,167,-25,-1,-224,55,121
"42",235,-230,-233,-248,-126,105,243,247,175,-231,-218,-239,100,177,-218,-245,41,238
"43",246,-234,-249,-247,-212,0,152,95,-12,-159,-228,-152,85,-119,-184,-221,72,145
"44",212,-174,-162,-168,-82,142,130,176,228,-158,-200,-179,-1,-2,-67,-97,142,219
"45",194,-227,-239,-235,-148,0,229,29,5,-154,-221,-156,233,-143,-114,-135,236,218
"46",210,-199,-208,-35,-216,87,55,67,19,-42,-40,-33,71,-98,-23,-23,46,72
"47",246,-110,-137,-247,-244,148,242,242,-1,-243,-247,-239,238,-239,-239,-242,213,237
"48",249,-197,-237,-97,-127,-1,172,103,-19,-119,-96,-58,182,40,-143,51,249,148
"49",201,-194,-209,-164,-222,-3,246,223,-26,-218,-236,-126,222,-109,-185,-118,214,136
"50",154,-62,-169,-3,-9,101,80,0,-90,-206,-182,-151,146,2,-29,-49,90,81
"51",238,-247,-241,-229,-243,25,210,243,-245,-177,-241,-227,-2,-135,-27,-238,1,234
"52",88,159,27,-21,45,-61,-50,-84,-45,-68,-40,141,135,73,85,81,-170,137
"53",200,-204,-74,-148,-210,12,150,176,161,-91,-194,-157,128,-125,-133,-178,122,220
"54",85,-204,-208,-238,-204,-1,242,25,-30,-220,-131,-70,224,58,124,-211,1,194
"55",238,-244,-240,-243,4,1,-4,-3,-3,-244,-240,-199,-3,-191,-196,-185,-5,236
"56",205,-234,-242,-242,-236,1,-1,-4,-4,-192,-244,-240,203,-244,-104,-217,153,-1
"57",227,-241,-239,-238,-235,236,172,236,-33,238,238,233,-226,-124,-230,-167,234,235
"58",102,11,45,-218,91,142,222,182,31,-16,-145,65,239,19,34,-187,10,238
"59",200,-56,-169,-135,-226,120,116,179,123,-151,-137,-162,148,34,-4,-149,108,42
"60",243,-240,-200,-242,-158,52,243,243,31,-166,-241,-246,233,-87,1,-27,82,210
"61",242,-217,-204,-244,-234,-57,218,111,-117,-135,-137,-217,28,-234,-152,-231,54,204
"62",249,-246,-1,-247,-2,232,-3,-6,-241,-240,-3,-244,246,-6,-1,2,-3,244
"63",221,-235,-19,-240,-245,-3,-1,0,1,-242,-242,-2,243,0,-1,-244,-246,1
"64",249,-247,-244,-248,-243,-249,234,242,-2,-244,-244,-232,247,-234,221,1,-226,239
"65",12,71,-169,-199,-107,173,186,184,1,-7,-129,-197,226,-194,-2,-197,81,186
"66",201,-217,-200,-246,-223,-1,170,238,-217,-218,-211,-197,212,-220,-224,-232,233,195
"67",242,-243,-2,-249,2,-16,-1,0,0,-121,-250,-247,247,-247,-2,-245,-1,248
"68",228,-246,-248,-239,-242,-4,244,241,-122,-243,-235,-242,141,-120,-124,-150,198,196
"69",160,-237,-169,-233,-182,186,208,207,-3,-244,-167,-216,244,140,-135,-208,174,202
"70",248,-132,-185,-216,-227,242,231,224,216,-214,-234,-152,227,-240,-234,-240,55,200
"71",238,16,-54,-204,-245,4,249,243,1,-211,-227,-110,160,-84,-194,-108,38,52
"72",127,-69,-52,-195,-59,27,200,134,72,-80,-156,-210,223,6,29,-34,106,219
"73",240,-249,-212,-238,-202,18,241,237,1,-198,-215,-223,245,1,0,-210,0,239
"74",63,-1,-93,-250,-232,-2,-1,173,-4,-196,-194,-117,1,3,-93,-247,171,172
"75",2,-223,-240,-183,-174,89,230,218,23,-208,-234,-213,200,-225,-188,-133,119,204
"76",132,-225,-212,-188,-69,24,188,232,-36,-217,-145,-216,200,-227,-148,-93,105,62
"77",41,-233,-234,-222,-232,0,243,247,-1,-249,-246,-245,246,-237,-243,-242,243,242
"78",109,-147,-152,-97,-176,1,79,123,180,-156,-138,-128,124,-169,-187,-190,78,154
"79",236,-242,-234,-231,-233,195,207,180,175,-187,-201,-204,229,-233,-106,-186,205,216
"80",244,105,-171,-151,-234,21,180,228,227,-103,-189,-152,157,-158,-196,-195,-182,-14
"81",222,-245,-241,-204,-127,-41,235,70,13,-165,-209,-97,157,-136,-155,-172,145,170
"82",247,-242,-200,-249,-244,19,223,231,-130,-207,-240,-62,237,-75,18,-240,111,241
"83",131,-36,-89,-1,-121,-2,138,201,-4,14,-4,-5,158,-109,11,127,177,193
"84",2,-3,-13,-230,-75,-37,-1,4,-8,-22,-32,1,2,-33,25,-24,-1,-14
"85",236,-235,-239,-246,-234,226,205,234,-7,-216,-226,-230,240,-233,-226,-227,205,223
"86",182,-238,-243,-230,-235,-5,238,200,16,-238,-229,-221,236,10,-237,-233,219,238
"87",249,-247,-245,-247,-238,248,247,247,2,-246,-240,-247,242,-247,-182,-247,243,247
"88",154,-195,-182,-175,-173,11,105,116,-9,-109,-180,-79,117,-87,-65,-193,11,136
"89",0,-248,-235,-237,-234,223,13,236,13,-243,-239,-247,0,-242,15,-240,9,21
"90",34,-172,-162,-229,-237,11,196,222,49,-41,-196,-157,172,-196,32,-140,165,111
"91",236,-243,-245,-247,-247,166,242,241,235,-246,-243,-247,240,-132,-145,-243,235,244
"92",0,-249,-1,-2,-199,-2,246,-1,0,-227,-168,-178,203,-2,148,-149,0,209
"93",146,-169,-222,-189,-172,14,87,171,129,-134,-164,-125,100,107,-143,-143,140,104
"94",217,-220,-192,-104,97,223,-1,2,200,-231,-149,-131,-118,-125,33,-141,152,247
"95",0,-246,-248,-249,-236,-1,249,249,0,-242,-247,-245,248,-239,5,-249,-2,-1
"96",205,-216,-234,-226,-233,-30,241,9,-22,-241,-240,-243,242,-242,-237,-244,232,226
"97",249,-245,-73,-247,-119,105,239,125,-2,-2,-201,-2,224,0,2,242,-2,240
"98",247,-247,-215,1,-245,13,237,157,-95,-222,-17,-209,72,167,-48,-132,-77,247
"99",231,-242,-236,-236,-239,20,20,20,16,-29,-230,-230,236,-236,-220,-229,215,235
"100",247,-250,-158,-250,1,249,248,250,52,-2,-222,-247,249,178,46,-244,213,152
"101",207,-206,-148,-230,-180,-83,-15,231,216,-205,-220,-232,212,83,-186,-210,133,141
"102",179,-199,-152,-173,-52,11,173,165,16,-131,-79,-141,199,-93,-180,-88,148,153
"103",214,-180,-189,-181,-201,109,221,221,-120,-225,-210,-214,225,-201,-164,-211,210,199
"104",237,-248,-235,-232,-128,43,-1,0,0,-235,-228,-243,201,-97,-2,-211,-2,-7
"105",195,-114,-148,-192,-216,112,210,223,0,-171,-125,-166,172,-226,-3,3,114,217
"106",169,-247,-240,-231,-158,152,240,245,227,-129,-239,-239,190,44,50,-192,202,156
"107",153,-230,-89,-235,-53,-152,230,235,40,-201,-235,-184,225,-143,-218,-227,213,222
"108",-202,1,34,0,-2,30,130,-4,-247,-237,-249,-241,232,-239,-10,-233,10,238
"109",-9,-159,-100,1,-72,0,194,242,112,-137,41,-26,233,56,2,-43,52,230
"110",210,-128,-206,-207,-211,24,180,184,68,-181,-125,-120,178,68,-57,-195,186,69
"111",63,-175,127,86,-168,-97,-69,80,-85,-225,24,93,208,45,90,-88,200,46
"112",-5,-226,-175,-246,-226,44,230,219,16,-200,-239,-235,246,2,-2,2,-3,2
"113",221,-243,-240,-240,-240,241,1,0,-1,-239,-244,-243,-3,-244,-244,-243,-1,243
"114",197,-131,-179,-231,-127,189,156,212,-109,-171,-222,-122,192,-156,-9,-187,64,134
"115",136,-245,-195,-146,-188,158,106,233,90,-218,-220,-53,125,-221,216,-150,-71,153
"116",30,-243,-230,-15,-248,-7,174,216,88,205,-74,103,-134,69,-117,162,142,241
"117",243,-216,-41,-181,-242,-84,243,247,82,-163,-173,-212,189,-3,-22,-2,123,218
"118",207,-247,-250,-247,-247,-1,250,1,-1,-249,-249,-249,1,-214,-158,-145,1,245
"119",47,-155,-138,-147,106,134,176,-114,-207,-120,117,-132,185,-163,-76,-131,166,161
"120",190,-208,-245,-205,-171,16,241,178,-20,-234,-240,40,245,69,-16,-53,124,231
"121",21,0,-172,-163,-239,96,14,216,-17,-140,-215,-239,245,-36,0,-229,247,214
"122",237,-148,-221,-51,-241,83,213,12,-165,-47,-218,-38,23,-34,182,-35,45,19
"123",246,-234,-232,-227,-223,207,134,238,226,-220,-221,-169,131,-132,-211,-216,172,124
"124",-1,-1,-2,-205,-232,-1,211,247,-3,-235,-3,-228,240,-242,248,-235,239,171
"125",43,-149,-238,-233,-228,50,125,124,181,-188,-159,-102,169,169,132,128,190,239
"126",234,-224,-229,-237,-233,232,227,235,-1,-236,-229,-239,236,-237,-244,-233,235,231
"127",237,-179,-204,-205,-136,-1,159,228,-27,-233,-132,-147,235,-64,72,-140,136,202
"128",234,-173,-178,-189,-122,-90,196,195,189,-40,-60,-117,-102,-141,-20,105,104,65
"129",82,-153,-5,-176,3,167,93,-56,-80,-111,97,70,-132,71,55,-38,9,47
"130",203,-118,-220,-103,-210,229,228,187,68,-225,-231,-216,205,-10,-232,-243,229,240
"131",226,-232,-153,-242,-239,43,234,233,-1,-234,-172,-193,233,0,-12,-42,172,212
"132",188,-224,-217,-218,-169,0,157,216,-64,-141,-174,-111,165,-67,-66,-97,97,202
"133",249,-222,3,-247,-249,234,250,184,204,-250,-243,-208,190,219,-250,-249,209,250
"134",214,-160,-83,59,-35,-108,-102,124,-201,-133,-118,-26,153,-2,33,-231,-246,-82
"135",249,-1,-248,-226,-234,0,211,72,4,-184,-246,-221,211,-226,-248,-235,238,171
"136",233,-160,-178,-232,-216,2,239,175,44,-237,-243,-248,245,-73,-31,-2,114,183
"137",217,-125,-234,-239,-41,18,239,248,38,-200,-244,-245,182,-81,96,137,47,242
"138",91,-113,-230,-132,-226,152,163,249,71,-114,-181,-243,69,-233,15,-249,247,240
"139",132,-225,-234,-244,-235,36,42,195,1,-242,-203,-232,214,-165,-94,-133,160,159
"140",53,-147,-161,-137,-147,-147,174,205,211,-198,-183,-189,136,-148,-1,-168,179,205
"141",152,-189,-231,-175,-189,-17,241,196,171,-174,-167,-116,218,-197,-180,-171,194,223
"142",134,-142,127,-192,-105,232,20,216,28,-189,-185,-139,0,-132,-186,-3,104,225
"143",160,-182,-118,-193,-106,162,115,139,155,-171,-109,-120,186,53,-85,-99,201,197
"144",178,-64,-149,66,-112,-44,77,179,127,-53,-144,-50,145,-83,-127,-51,130,114
"145",187,-216,-234,-126,-240,-1,194,224,0,-198,-219,-208,200,42,-96,-101,148,202
"146",-3,-157,-110,-95,50,115,83,-230,-38,-90,-62,139,-62,190,-68,-44,-4,144
"147",-147,-221,-5,-232,-170,204,58,-240,-33,-207,-246,-45,227,19,-29,-246,210,210
"148",156,-144,-151,-202,-42,123,202,63,33,-184,-165,-225,174,13,55,-9,57,38
"149",245,-246,-134,-218,-229,116,216,227,30,-224,-235,-191,217,-59,-218,-142,0,216
"150",-54,-122,-134,-158,-216,64,182,242,229,-234,-244,-240,221,-108,48,-163,187,237
"151",135,-185,-56,-132,-237,117,228,241,15,-208,-199,-33,244,-227,-166,-172,233,224
"152",148,-156,-182,-228,-195,67,165,176,-1,-242,-217,-159,197,-56,17,-197,217,200
"153",0,-221,-240,-242,-2,8,243,2,238,-246,-2,-249,-2,-6,-12,0,0,242
"154",239,-222,-204,-94,-4,59,174,162,22,-186,-200,-81,184,16,-87,-97,199,238
"155",243,-240,-108,-247,-10,-2,240,241,42,-96,-234,-112,18,-129,-51,-241,0,14
"156",244,-247,-247,-248,-191,249,247,247,-23,-192,-239,-195,241,18,-229,-133,-28,214
"157",155,-69,-242,47,-6,9,109,216,122,-98,190,95,-100,195,201,200,202,53
"158",-2,42,-75,133,117,133,135,70,163,141,120,129,162,-65,-1,31,154,138
"159",244,-185,-242,-241,-245,242,230,126,22,-241,-241,-32,239,118,20,-142,33,245
"160",130,-220,-214,-249,-194,-1,243,75,192,-223,-241,-173,195,-5,173,-159,76,14
"161",239,-244,-240,-242,-171,1,158,248,0,-147,-183,-153,0,88,1,-106,166,241
"162",183,-201,-24,-121,-136,205,217,226,-158,-209,-201,-190,200,-184,159,-194,180,189
"163",212,-218,-47,-227,-238,132,197,218,-231,-203,-205,-203,172,-170,-207,-128,152,68
"164",248,-249,-236,-246,-135,133,204,246,-92,-248,-180,-177,246,-95,-105,-141,95,248
"165",108,-163,-73,-49,-126,0,211,228,-48,-55,-93,-43,202,125,-124,-1,49,245
"166",91,-218,-216,-228,-201,-46,-1,-1,-1,-148,-243,-243,243,-147,-72,-206,-9,0
"167",240,-245,-239,-237,-243,111,236,246,-238,-240,-240,-243,243,-236,-242,-244,238,239
"168",111,-200,-86,-159,-24,-1,144,205,-2,-195,-159,-136,-1,-73,-105,-88,166,69
"169",227,-120,-171,-233,-200,1,150,214,49,-234,-205,-188,190,-128,-109,-211,198,205
"170",234,-238,-240,-228,-163,33,245,239,15,-196,-188,-202,69,-119,-8,-203,52,190
"171",95,-247,-243,-246,-248,98,246,248,-117,-186,-197,-238,152,-249,-114,-249,-5,185
"172",216,-226,-233,-223,-231,90,222,154,26,-158,-232,-187,225,-220,85,-141,70,131
"173",151,-216,-2,-218,-248,241,2,0,-2,-234,-238,-116,249,0,-107,-249,229,249
"174",203,-249,-249,-1,0,229,1,134,209,-242,-225,-236,224,-237,-223,-203,-220,164
"175",239,-134,-233,-224,-244,127,228,242,139,-240,11,-137,169,-98,-33,-45,210,240
"176",132,-248,-248,-195,-238,119,248,-1,-5,-248,-187,-234,244,-121,-13,-155,128,244
"177",234,-129,-187,-222,-197,112,211,223,21,-173,-215,-127,94,0,-73,-177,218,234
"178",201,-214,-243,-244,-237,-1,224,120,24,-241,-244,-36,191,-120,-173,-216,103,168
"179",227,-225,-195,-103,-223,-1,140,93,-4,-247,-179,-129,151,71,8,-70,185,189
"180",224,-189,4,-217,-222,159,13,116,-11,-193,-175,-171,171,-50,22,-52,-40,76
"181",-56,-155,-122,-83,-209,0,223,1,1,-204,-246,5,-1,-174,-139,-229,63,172
"182",190,-228,-235,-235,-134,31,176,177,0,-161,-227,-107,190,-14,-4,-52,59,167
"183",189,-223,-226,-211,-230,2,189,211,128,-225,-229,-213,160,-95,-94,-56,60,184
"184",150,150,-151,-3,-228,-1,210,184,173,-225,-203,-184,182,-176,-175,-181,95,165
"185",216,-229,-234,-226,-206,77,201,179,7,-242,-208,-211,229,-144,-40,-187,183,208
"186",-45,-200,-153,-218,-129,220,186,187,112,-197,-94,-146,231,-242,125,-164,211,140
"187",226,-231,-237,-215,-232,113,229,229,224,-172,-234,-238,169,-226,-203,-245,52,53
"188",145,-145,-164,2,-187,70,163,226,0,-230,-152,-59,138,-83,-208,-182,107,189
"189",236,-170,-155,-199,-184,-3,98,221,-2,-148,-176,-200,198,-59,-46,-219,-2,86
"190",137,-141,-17,-236,-112,125,214,139,76,-103,-43,-139,54,-230,-124,-32,97,223
"191",189,-191,-208,-226,-235,234,247,221,213,-236,-236,-230,228,-236,-5,-130,215,227
"192",75,-140,-176,-123,-99,-103,202,234,-112,-222,-220,-148,1,206,190,89,43,114
"193",207,-210,-239,-232,-198,0,124,215,-40,-153,-188,-166,139,-198,-66,-182,53,220
"194",237,-245,-204,-200,-242,-1,130,239,-1,-242,-244,-242,236,-240,0,-201,-1,152
"195",147,-249,-152,-226,-134,212,200,190,233,-243,-203,-219,235,-237,159,-150,107,227
"196",151,-200,-218,-220,-219,220,221,157,35,-167,-161,-187,216,-107,42,-188,175,211
"197",93,-107,-196,-227,-213,25,25,111,-99,-164,-73,-106,29,-208,-195,-123,43,33
"198",172,-249,-1,-239,-2,128,236,249,0,-246,-170,-180,202,-143,141,-143,-1,248
"199",-4,-247,1,82,-196,11,-1,-2,3,1,3,219,1,0,0,0,-1,-1
"200",229,-228,-5,-190,-1,-4,-3,-1,-2,-204,-191,-242,243,-2,0,-1,2,-1
"201",233,-242,-133,-226,-205,159,115,193,162,-151,-109,-161,152,-184,-63,1,179,193
"202",140,-234,-226,-196,-218,12,235,228,118,1,-187,-157,168,-201,-64,-185,153,70
"203",178,-138,23,-159,-59,182,-3,151,35,-47,-216,-206,227,47,-185,-210,8,242
"204",1,9,0,1,-16,-2,2,-2,2,-1,2,-4,-1,3,-1,152,200,-4
"205",241,-212,-224,-227,-234,-1,239,25,-30,-66,-179,-139,63,-59,15,-34,55,103
"206",140,-59,-158,-226,-169,58,194,173,85,-219,-169,-199,155,-73,-174,-224,71,158
"207",195,-132,-31,3,-70,99,191,151,-21,-48,-149,-174,218,97,33,-72,74,51
"208",241,-245,-243,-158,-225,0,225,173,247,-217,-136,-49,67,-26,-21,-212,230,158
"209",139,-167,-156,-138,-108,-37,228,207,237,-100,-240,-235,182,-128,-64,-237,152,159
"210",174,-195,-236,-247,-19,105,242,241,219,-237,-224,-231,234,-54,-39,-155,85,171
"211",67,98,153,203,206,129,84,146,216,202,-199,154,-206,202,-225,-187,-224,-110
"212",242,-249,-9,-9,1,-6,247,229,-249,-4,-223,3,124,0,-128,-159,-98,195
"213",-141,-231,-73,-230,-172,-125,214,53,53,-242,-116,-237,217,-101,-36,-214,82,221
"214",237,-233,-228,-130,-237,140,164,113,-242,-131,-100,-132,206,-144,78,-174,160,84
"215",217,-237,-215,-215,-35,163,59,212,17,-219,-225,-162,215,-72,23,-143,129,206
"216",232,0,-1,139,-179,-103,114,-1,-2,132,133,-3,94,-6,-3,178,-4,94
"217",156,-239,-190,-119,-52,106,115,219,179,-190,-207,-203,-171,-84,-59,-196,222,173
"218",175,-93,1,-179,-198,74,-1,234,-43,-216,-90,-40,-3,-226,56,-51,1,-5
"219",207,-208,-239,-240,-181,8,224,231,55,-231,-233,-233,213,-218,-106,-240,146,229
"220",112,-203,-180,186,82,101,120,108,124,114,104,99,108,104,107,108,105,104
"221",227,-209,-222,-229,-231,0,216,237,-1,-213,-221,-231,215,-213,-221,-215,191,185
"222",185,-3,-176,-201,-236,-1,0,222,0,-244,-214,-106,1,-127,-129,-156,218,235
"223",191,-183,-247,-238,-127,3,239,246,-98,-229,-232,-242,237,-1,-236,-140,-110,226
"224",249,-203,-69,-199,-218,179,137,152,-160,-64,-116,-114,183,-198,146,-240,88,192
"225",-166,-206,-118,-191,3,74,210,158,129,-215,-225,-179,199,-72,-195,-171,94,141
"226",239,-228,-242,-239,-218,95,145,168,80,-144,-125,-84,170,-170,222,-186,195,210
"227",212,-225,-168,-239,-119,96,228,239,42,-218,-220,-197,238,-219,-225,-210,230,236
"228",236,-238,1,-1,-54,131,159,174,-1,-221,-1,-196,221,1,137,-1,31,200
"229",-1,-126,-211,-183,-101,-1,182,189,3,-175,-135,-136,206,-104,-156,-69,123,225
"230",249,-247,-16,-247,-21,-14,5,-7,-19,-244,-244,-218,244,-131,22,-241,-12,-3
"231",129,-233,-202,-245,-230,122,201,137,113,-143,-217,-101,140,-139,-186,-120,97,109
"232",-2,-229,-1,-201,-243,7,-6,193,-220,-224,-181,-237,247,-1,5,-219,65,-7
"233",128,-122,-120,-209,-189,92,222,238,-193,-221,-200,-132,237,-87,203,-155,195,215
"234",193,-225,1,-248,1,-2,0,-1,0,-249,-249,-249,1,-249,0,-199,0,248
"235",215,-199,-225,-233,-242,238,217,196,119,-170,-216,136,188,-230,202,-189,229,160
"236",234,-76,-5,-210,-218,110,-45,170,-215,-226,-208,-200,176,-216,-231,-196,-135,139
"237",239,-231,-14,-234,-235,148,227,229,-45,-236,-149,-237,239,19,84,-237,230,237
"238",216,-243,-248,-234,-244,247,247,194,-127,-132,-137,-158,129,-58,38,-73,136,247
"239",184,-205,-206,-225,-226,54,208,215,-86,-188,-195,-203,139,-122,-182,-194,183,183
"240",228,-231,-235,-220,-239,10,246,17,-230,-240,-242,-231,237,-106,-241,-238,104,247
"241",0,-2,-2,-143,-143,76,-3,-153,-118,-2,-116,-58,1,-111,0,-79,134,0
"242",210,-142,-155,-195,-241,6,226,243,236,-214,-213,-159,213,23,-1,-202,39,228
"243",112,-165,-238,-217,-24,124,-162,129,70,-214,-143,-223,125,-203,1,-135,131,203
"244",119,-156,-153,-193,-59,127,98,73,-1,-181,-21,-119,158,-126,-117,3,-2,234
"245",216,-239,-226,-238,-222,234,229,228,224,-221,-203,-203,225,-212,224,-219,226,209
"246",232,-145,-187,-174,-192,96,182,173,127,-179,-163,-166,185,-52,-165,-168,161,196
"247",238,104,-247,-105,137,-69,214,166,-20,32,45,-231,128,35,209,103,46,99
"248",248,-248,-249,-1,-249,-1,248,249,-3,-249,0,-249,249,-1,249,-249,249,249
"249",237,-244,-235,-240,-222,-1,234,241,-45,-236,-230,-220,203,-239,-100,-194,221,209
"250",-19,1,0,-110,-25,0,-2,15,2,32,-5,-1,-71,-33,-1,5,-10,81
"251",179,-155,-94,-115,-70,75,202,224,119,-62,-211,-245,192,-73,-37,-62,163,2
"252",244,-94,-132,-157,-157,-1,249,249,232,-189,-222,-211,244,-59,-249,-221,232,231
"253",179,-197,-244,-208,-209,37,235,216,35,-139,-215,-179,199,-121,61,-166,91,167
"254",0,-21,-5,-162,-202,-26,15,15,26,-241,-236,-203,165,-169,-136,-231,203,124
"255",-1,-202,-179,-212,-198,-36,178,109,228,-213,-196,-164,121,-167,-155,-157,141,155
"256",244,-212,-236,-240,-238,148,232,238,25,168,205,80,208,-165,-233,-213,220,127
"257",-63,134,-167,-65,-70,-172,-43,100,-116,-34,-96,-103,-40,-139,-51,-62,24,99
"258",124,-225,-218,-136,160,167,-40,211,-51,-202,-33,-168,157,192,-237,23,74,199
"259",170,-163,-164,-179,-128,16,186,146,131,-219,-220,-205,215,-228,-211,-220,160,211
"260",242,-236,-242,-223,-241,-1,154,232,35,-147,-220,-224,194,0,-107,-139,111,204
"261",1,-165,-3,-188,-150,97,222,-1,0,-173,-227,-239,1,-2,-205,0,183,198
"262",144,-119,-110,-20,-246,-10,136,174,-160,-174,-189,-48,35,-49,-103,-86,140,181
"263",229,-185,-242,-232,-237,188,221,232,12,-180,-237,-225,231,-238,-212,-224,225,221
"264",243,-232,-216,-231,-225,-3,216,235,-1,-214,-143,-112,168,-79,-134,-83,137,194
"265",0,37,-130,-28,-8,169,22,26,13,-152,-205,-33,21,30,27,-19,25,219
"266",0,-244,-247,-246,0,246,248,118,-246,-234,-246,-247,248,-131,179,1,247,244
"267",124,-127,-143,-114,-107,157,141,220,56,-192,-182,-122,168,-153,-38,-182,8,56
"268",250,-245,-35,-249,-133,0,157,168,35,-202,-248,-137,250,-139,-247,-203,156,182
"269",2,-239,-237,-237,-242,112,159,90,1,-227,-137,-67,46,-85,-127,-124,160,182
"270",151,-199,-178,-194,-246,80,238,62,-2,-220,-199,-239,232,-242,-93,-221,186,231
"271",121,-173,-152,-166,-177,-4,241,199,-188,-199,-231,-197,241,-243,15,-209,172,219
"272",226,-143,-238,-239,-213,214,223,237,140,-210,-160,-140,124,-83,-1,-55,42,121
"273",161,-205,-209,-236,-183,233,210,240,74,-230,-186,-106,122,-201,-230,-231,183,190
"274",215,-202,-91,-200,-101,0,143,190,98,-185,-183,-148,135,-209,-85,-213,33,119
"275",244,-238,-248,-244,-248,249,248,248,-246,-244,-243,-248,249,-248,-244,-235,249,235
"276",170,1,-166,-159,-234,1,239,243,-24,-194,-216,-213,233,-221,-217,-223,105,181
"277",219,-211,-248,-247,-75,0,247,246,66,-249,-250,-250,247,90,2,-247,142,216
"278",167,-246,-141,-174,-2,74,127,174,-3,-135,-3,-108,0,-128,0,-3,-83,100
"279",233,-245,-194,-222,-232,87,134,208,90,-141,-183,-241,1,83,-60,-81,111,100
"280",215,-233,-194,-215,-219,-190,238,200,79,-159,-96,-179,238,-98,-15,-159,127,223
"281",4,-140,-239,-244,-248,242,242,243,-1,-242,-196,-226,234,-221,-156,-242,236,237
"282",250,-153,-246,-249,-214,-1,249,247,48,-247,-243,-217,219,-94,138,-172,115,192
"283",214,-184,-162,-190,-220,-2,-174,-213,154,-185,-205,26,183,-8,-167,-106,122,200
"284",132,-150,-197,-215,-193,-22,157,236,203,-148,-222,-140,33,-25,-93,-64,26,117
"285",199,-227,-220,-247,-248,187,225,241,-90,-222,-223,-243,211,4,-127,-217,179,212
"286",108,-179,-209,-201,-162,119,134,160,115,-161,-151,-170,147,-143,-172,-153,143,120
"287",246,-247,-247,-244,-244,238,242,246,241,-245,-240,-78,244,48,242,-248,237,242
"288",119,-225,-211,-240,-192,-38,231,222,19,-245,-241,-240,218,-67,-200,-133,190,213
"289",120,-97,-134,-124,-166,-92,165,161,-136,-137,-92,-94,128,-48,-95,-94,101,171
"290",-1,-142,-193,-190,-182,-1,136,219,-87,-157,-192,-206,214,-179,-205,-208,-1,212
"291",132,-219,-239,-85,-239,101,72,57,-72,-106,-94,-118,235,-160,94,190,235,250
"292",-67,-208,-225,-247,-243,203,224,-103,68,-249,-218,-208,193,219,78,-43,221,71
"293",203,-217,-148,-216,-54,-1,192,220,62,-215,-216,-209,195,-43,-171,-190,92,183
"294",189,-212,-221,-236,-226,59,177,180,-153,-167,-165,-194,229,-245,1,-234,188,247
"295",245,-236,-180,-245,-249,229,134,245,-1,-245,-244,-238,187,-41,-150,-141,186,187
"296",162,-216,-232,-170,-227,69,175,12,1,-229,-243,-201,202,-237,49,-200,75,201
"297",214,-247,-219,-245,-191,1,194,1,-1,-242,-247,-191,227,-191,-75,-206,-3,149
"298",241,-242,-95,-116,-235,241,230,154,66,-24,-237,-238,240,-231,-236,-181,210,235
"299",231,-224,-243,-205,-118,0,200,207,-4,-182,-120,-85,239,-239,-243,-242,238,237
"300",187,-118,-192,-215,-157,4,17,201,-3,-182,-113,-207,111,-180,-64,-179,142,173
"301",155,-166,-110,-236,-159,87,152,174,-1,0,149,-131,225,-182,124,-169,54,199
"302",236,178,-192,-182,-206,6,181,167,26,-169,-196,-205,171,-169,-170,-176,176,187
"303",-1,-124,-172,-140,-141,142,110,93,131,-117,-100,-119,167,-162,174,-109,138,94
"304",227,-238,-245,-232,-132,91,250,249,-23,-250,-249,-248,248,-2,-250,-250,249,249
"305",-2,-1,-1,-191,-2,3,121,64,2,165,0,-113,247,-242,246,-1,4,246
"306",242,-241,-104,-230,-233,216,238,235,242,-225,-233,-232,235,-132,116,-185,230,227
"307",250,247,-249,1,-250,200,25,2,212,-4,-175,-225,239,-237,-239,-245,-237,-248
"308",203,-145,-99,-106,-105,154,67,102,-30,-76,-63,-43,124,-86,114,-93,121,67
"309",121,-125,-154,-229,-242,62,93,243,193,-223,-240,-149,116,-25,40,-101,121,110
"310",236,-237,0,-246,-3,0,249,-3,-5,-236,-246,-238,-1,1,-240,-240,-1,246
"311",161,-173,-175,-197,-202,50,180,195,6,-174,-130,-46,164,-80,-150,-148,155,197
"312",112,-157,-199,-154,-177,-75,216,177,18,-190,-171,-212,-194,2,78,77,68,168
"313",240,-238,-226,-234,-229,227,238,241,8,-233,-229,-239,238,-238,-39,-225,221,239
"314",-4,-247,0,-248,-249,1,-4,248,-240,-247,-247,-242,244,-244,-246,-242,243,243
"315",242,-234,-234,-225,0,-1,214,116,16,-34,-1,74,2,-34,-1,-93,-5,-3
"316",-5,-244,-194,-234,-249,-1,212,194,-1,-216,-196,-237,241,-239,-236,-242,2,246
"317",142,-140,-156,-32,-127,128,166,82,1,-189,-204,-42,171,-89,-48,-85,170,145
"318",236,-232,-235,-234,-240,-1,173,240,1,-238,-240,-238,234,121,-149,-130,239,228
"319",1,-134,-3,-175,-166,55,201,102,154,-184,-144,-67,109,17,-41,-124,75,140
"320",168,-158,-197,-138,-161,84,159,137,137,-142,-202,-71,115,124,-60,-197,111,118
"321",246,-247,0,-192,-197,177,190,164,184,-159,9,-36,112,72,1,-103,39,225
"322",246,-249,-248,-1,-248,-1,247,3,-6,-248,-246,-249,244,-5,249,249,0,245
"323",124,-224,-229,-229,-209,22,232,245,-107,-247,-234,-208,226,-87,236,-174,236,237
"324",159,-164,-140,-156,-143,87,91,186,12,-124,-118,-154,174,-103,-128,-166,56,202
"325",236,-211,-231,-235,-237,221,211,206,200,-192,-221,-208,211,-23,-133,-213,186,193
"326",243,-60,-176,-195,-121,-3,58,109,22,-172,-170,-130,113,-184,-85,-216,130,211
"327",111,-138,-206,-219,-184,70,135,153,4,-182,-188,-157,115,-145,53,-190,107,122
"328",212,-238,-241,-239,-230,239,230,207,246,198,-244,-248,229,-245,-231,-248,246,239
"329",214,1,-167,-153,-81,0,161,169,99,-96,-150,-80,141,1,-19,-109,174,175
"330",239,-242,-217,-222,-212,-2,235,233,94,-243,-239,-230,235,-239,-1,-235,182,1
"331",221,-244,-249,-249,-239,137,242,249,221,-216,-193,-150,188,195,-132,-174,198,213
"332",2,-238,-241,-248,-246,12,248,248,-116,-244,-241,-247,246,-214,-69,-231,-5,176
"333",247,-231,-41,-163,-245,239,97,187,-160,-234,-228,-122,185,-244,-231,-233,123,212
"334",-24,-2,4,27,4,101,60,58,-1,-1,1,-129,-85,-124,5,2,127,183
"335",182,-89,-60,-106,-152,137,97,1,-1,-161,6,-127,133,-2,-5,97,1,196
"336",222,-174,-226,-229,-239,106,229,224,117,-177,-141,-59,-230,-38,-236,-30,-1,233
"337",107,-114,-56,-239,-209,-5,0,245,-1,-216,-246,-243,220,-185,32,-237,91,231
"338",249,-92,-139,-182,-192,-1,101,107,90,-161,-64,-22,120,-23,-35,-27,28,158
"339",0,-88,-176,-242,-237,-2,246,228,-232,-1,-236,-1,244,-1,224,-241,222,247
"340",174,-51,-166,-69,-38,217,220,221,24,-173,-185,-193,219,-225,25,-122,195,212
"341",-1,-222,-141,-54,-203,88,132,113,110,-201,-173,-174,143,-166,30,-222,-16,244
"342",140,-187,-218,-243,-223,171,183,194,187,-236,-212,-206,209,-229,-214,-228,193,219
"343",210,-229,-204,-220,-221,-57,224,198,67,-227,-230,-216,68,-163,-101,-9,34,79
"344",238,-225,-203,-239,-235,-1,1,-2,-3,-213,-236,-72,235,-237,0,-242,-160,223
"345",235,-240,-234,-201,-227,5,231,233,229,-234,-230,-235,225,-234,8,-143,85,211
"346",234,-206,-196,-203,-210,141,190,216,45,-123,-175,-93,213,-116,-216,-190,183,210
"347",230,-198,-217,-122,-182,122,246,234,-114,-196,-172,-144,225,-220,-49,-219,107,213
"348",208,-238,0,-239,-200,-216,205,208,-213,-201,-171,-213,239,-245,78,-192,111,234
"349",112,106,99,101,104,97,112,117,120,121,114,107,114,106,111,101,112,108
"350",235,-204,-242,-243,-247,36,240,243,72,-204,-247,-153,110,-71,54,-159,210,207
"351",248,-249,-250,-247,-249,-1,247,249,-1,-249,-249,-248,248,-248,-248,-249,249,248
"352",216,-187,-159,-153,-175,13,215,138,45,-100,-87,-183,200,69,171,-166,186,80
"353",236,-246,-240,-242,-231,239,216,242,235,-228,-239,-239,227,-199,-202,-239,223,232
"354",145,-169,-141,-186,-196,75,219,175,199,-247,-214,-182,249,-115,-247,-207,42,120
"355",221,-245,-219,-234,-134,12,233,160,21,-205,-191,-153,184,-178,89,-208,151,181
"356",148,-104,123,-176,-108,123,147,133,118,-123,-139,-116,127,174,163,222,158,167
"357",248,-100,-203,-144,-126,110,173,1,-8,-187,-156,-60,233,-192,-84,-174,197,140
"358",248,-247,-246,-203,-237,6,245,247,-123,-175,-240,-241,243,-236,-53,-153,190,145
"359",-220,-241,-222,-218,-30,6,238,249,19,-238,-247,-238,244,-6,233,-249,227,240
"360",79,-7,-107,-24,-98,-155,54,118,110,-127,-96,-107,127,-120,-140,-58,142,46
"361",144,-188,-216,-117,-53,0,193,222,-3,-173,-113,-111,177,-33,-153,-185,91,129
"362",143,-194,-206,-164,-114,94,97,113,34,-179,-212,-140,52,-70,-83,-192,33,176
"363",232,-213,-224,-238,-225,120,235,219,-45,-214,-218,-218,224,-71,-128,-203,203,212
"364",65,-86,-93,-226,-195,153,158,162,0,-123,-209,-2,157,-87,-93,-179,20,174
"365",184,-175,-217,-226,-18,21,229,198,10,-169,-224,-223,167,-115,33,-213,-1,211
"366",2,-206,-37,-230,-187,85,150,95,-2,-179,-154,-198,230,-99,-53,-189,191,233
"367",238,-231,-211,-10,-250,132,201,202,-171,-192,-179,-200,155,-168,3,-198,150,242
"368",248,-89,-237,-131,1,0,235,239,0,-218,-228,-231,1,1,3,-218,-2,230
"369",198,-84,-222,-235,-232,-60,245,8,243,-193,-234,-184,222,-6,19,-212,-1,123
"370",112,-212,-30,-105,-146,114,215,241,-85,-221,-219,-207,62,136,-225,-218,119,204
"371",172,-171,-143,-179,-167,46,131,174,-118,-181,-175,-159,158,-174,-96,-117,109,181
"372",192,-106,-180,-169,-114,0,89,84,1,-180,-187,-167,17,140,-229,47,0,52
"373",212,-238,-14,-245,-45,177,164,116,-82,-227,-137,-57,202,-137,-53,-235,70,195
"374",233,-242,-165,-231,-233,206,229,230,-234,-220,-237,-100,225,-187,114,-231,230,243
"375",24,-194,-81,-119,-236,-20,227,20,-36,-231,-44,-177,175,-132,43,-14,1,186
"376",240,-247,-239,-229,-230,233,213,229,230,-223,-220,-221,221,-237,-244,-201,236,228
"377",229,-242,-230,-243,-234,-1,248,199,-26,-247,-218,-211,240,-208,-236,-226,25,241
"378",204,-220,-119,-161,-69,15,229,164,-77,-166,-213,-192,196,0,-3,-224,-2,205
"379",211,-178,-172,-182,-134,140,185,195,41,-183,-193,-193,-190,-52,-46,-117,-132,194
"380",234,-171,-213,-222,-234,239,239,242,51,-197,-215,-221,214,-201,-233,-197,205,226
"381",229,-237,-104,-170,-159,-158,248,152,-17,-77,-229,-189,231,-180,-103,230,85,238
"382",59,111,-80,-102,-110,-190,155,-164,-105,160,-184,-174,148,121,176,171,216,148
"383",244,-244,-240,-241,-193,90,239,245,23,-247,-245,-247,248,3,-241,-226,239,240
"384",0,-43,-187,-158,-200,126,39,43,48,-102,-212,-187,238,140,-135,-213,119,216
"385",225,-234,-136,-207,-243,19,191,191,111,-71,-169,-149,98,-168,78,-99,171,176
"386",167,-137,-125,-104,-86,112,113,144,44,-78,-86,-81,51,-55,69,-98,80,100
"387",238,-216,-201,-234,-222,182,222,200,233,-240,-249,-167,219,-102,50,50,227,221
"388",205,-172,-172,-200,-156,45,106,180,46,49,-207,-215,244,15,-137,-93,61,151
"389",173,-183,-122,-217,-226,133,-1,1,1,-218,-234,-133,1,-170,-198,-131,114,198
"390",147,-235,-225,-239,-231,240,230,13,9,-240,-228,-229,243,-217,10,-234,19,240
"391",213,-198,-133,-43,-17,12,227,52,-1,-232,-240,-32,220,8,-41,-223,216,229
"392",247,-249,-239,-250,-248,1,245,248,-87,-219,-237,-212,185,-114,-216,-244,248,247
"393",-81,-186,-116,-158,-182,143,64,128,-106,-152,-120,-193,161,-56,-108,-145,144,179
"394",238,-249,-245,-248,-192,248,246,246,246,-242,-162,-182,245,-214,-135,-167,178,140
"395",96,-130,-195,-111,-114,105,99,47,-114,-111,-172,-106,60,-136,125,-118,-112,103
"396",182,-194,47,-3,6,4,244,0,26,12,-243,10,-6,1,-246,-248,-5,7
"397",119,-227,-214,-244,-164,1,-1,212,-159,-171,-116,-69,85,-186,-196,-161,-54,179
"398",216,-229,-234,-200,1,1,196,175,-70,-161,-204,-178,174,33,80,-146,96,161
"399",158,-139,-138,-178,-232,36,220,228,3,-73,-103,-39,-7,-45,-132,-176,220,227
"400",139,-167,-225,-223,-180,127,226,180,197,-219,-159,-208,153,123,171,-19,124,208
"401",245,-10,-187,-248,-219,5,236,181,8,-245,-236,-230,231,-112,-106,-225,222,239
"402",221,-240,208,-78,-235,141,160,148,-22,-100,-111,-206,102,-104,-31,-62,-5,72
"403",205,-194,-238,-144,-78,42,179,238,10,-182,-176,-132,243,-1,-142,25,182,208
"404",173,-173,-200,-89,-106,-2,125,96,1,-112,-221,-86,140,-81,-52,-172,79,136
"405",216,-229,-188,-205,-243,-1,226,242,240,-228,-226,-232,237,234,59,-234,226,233
"406",237,-239,-240,-228,-229,-224,221,221,235,-239,-210,-234,213,-221,-56,-225,62,223
"407",244,-249,-244,-245,-243,0,176,243,0,-239,-242,-159,234,-245,-197,-244,97,236
"408",-41,-191,-124,-23,-22,199,214,242,33,-229,-229,-133,209,-238,-42,-221,8,161
"409",217,-204,-216,-227,-229,3,242,242,-231,-223,-240,-234,230,-242,-239,-238,223,228
"410",246,-249,-248,-247,-248,1,0,249,-248,-248,-247,-248,248,-1,-5,-248,1,239
"411",216,-170,-179,-146,-151,126,146,169,-120,-209,-165,-146,106,-101,-146,-114,94,135
"412",180,-235,-244,-155,-197,156,68,129,17,-141,-214,-133,86,-227,-196,-231,-120,218
"413",250,-248,-1,1,-247,-1,249,-2,250,1,-250,-249,250,249,1,-247,-246,250
"414",-171,4,-1,-136,-3,-4,243,-1,-1,-183,1,-179,1,0,-4,-120,203,-3
"415",188,-235,-220,-3,1,97,0,225,174,-233,-225,-3,230,109,66,-234,-7,226
"416",122,-243,-245,-225,10,4,246,241,118,-235,-238,-240,243,-225,247,-226,238,239
"417",206,-218,-39,-242,-241,13,20,12,183,-210,-121,-219,183,32,55,65,-98,84
"418",185,-208,-163,-234,-41,122,200,227,225,-218,-193,-224,173,-122,-80,-215,202,202
"419",36,228,198,-183,113,-90,-93,40,-201,92,-127,-6,122,80,132,-93,1,132
"420",-2,1,0,-67,1,0,-1,-1,201,-126,-78,-64,207,-1,-35,-69,1,209
"421",245,-246,-250,-249,-215,1,147,248,119,-124,-100,-147,249,-148,186,-163,-1,250
"422",244,-249,-247,-250,-234,92,156,221,1,-204,-231,-224,190,-171,-199,-231,227,233
"423",224,-230,-233,-249,-136,125,244,247,-152,-230,-240,-244,247,-240,-32,-130,124,241
"424",-19,-237,-243,-241,-198,197,221,228,-213,-249,-238,-237,221,-159,14,-234,235,231
"425",250,-249,-247,-245,-239,94,229,248,134,-246,-128,-176,238,-3,-128,-3,230,247
"426",153,-221,-230,-220,-203,129,232,156,143,-158,-224,-119,208,-132,128,-215,227,213
"427",148,-187,-106,-190,-1,-1,117,125,71,-169,-167,-89,45,18,-32,-72,71,70
"428",230,-206,-169,-157,-160,-1,237,28,-85,-161,-166,-187,1,44,-1,-95,143,61
"429",245,-246,-246,-155,-249,139,246,246,246,-249,-246,-246,249,-245,-248,-242,247,246
"430",206,-244,-249,-246,-202,81,183,205,-76,-239,-239,-156,193,121,-116,-218,174,177
"431",248,-245,-230,-215,-104,62,130,240,-133,-247,-238,79,231,-168,-103,-5,-42,224
"432",235,-218,-225,-232,-226,-3,235,248,168,-241,-231,-239,241,47,-62,-221,201,235
"433",172,-239,-218,-236,-229,238,242,225,43,-224,-237,-234,247,1,92,-217,233,231
"434",240,-246,0,0,-246,244,239,-1,-5,-237,-242,-10,245,-3,1,-243,-6,244
"435",-250,249,-1,-247,0,2,250,-3,-250,1,1,1,249,-3,3,-1,3,249
"436",248,-249,-250,-217,-250,202,246,249,1,-250,-247,-248,225,-79,-248,-182,123,221
"437",119,-231,-172,-162,-200,191,97,93,106,-155,-64,-159,82,-51,-99,-125,71,111
"438",50,-146,-240,-85,121,132,167,106,124,-132,-116,-132,172,108,-2,123,136,125
"439",222,-140,-249,-232,-45,-3,245,209,-80,-244,-247,-208,44,-14,-97,-225,8,76
"440",219,-227,-148,-108,-173,-3,126,116,1,-78,-28,-68,181,-78,68,-188,242,194
"441",-1,-246,-1,-242,247,-1,247,0,-3,-247,248,-1,250,-246,4,-247,-132,248
"442",174,-114,-198,-244,-158,3,164,201,-1,-195,-2,-21,232,-180,-16,-1,221,234
"443",-31,22,-46,-186,-153,117,98,-6,-160,-45,-99,-85,221,-198,-9,123,62,131
"444",229,-181,-246,-247,-144,-42,247,107,-43,-242,-242,-231,247,53,-57,-31,244,171
"445",241,-221,-249,-245,-245,248,248,241,243,-247,-4,-11,-58,8,-6,131,-61,-82
"446",122,-153,-105,-174,-128,115,179,140,4,-42,-214,-101,177,-135,108,-113,58,188
"447",209,-165,-127,-176,-226,45,199,225,192,-209,-215,-176,203,-191,-53,-186,13,171
"448",234,-77,-241,-237,-246,221,101,233,27,-234,-237,-186,206,-226,-222,-245,139,235
"449",241,-249,-250,-247,-171,-1,140,170,-1,-248,-196,-196,245,-45,-119,-247,248,81
"450",232,-229,-93,-108,-241,92,57,201,19,-210,-216,-223,124,44,-194,-132,114,161
"451",241,-246,-247,-249,-142,-1,17,181,-84,-228,-173,-221,190,-134,-160,-232,63,216
"452",-139,95,94,-165,105,-211,-221,171,-169,-140,-104,74,-81,106,-196,-161,-196,96
"453",246,-249,-249,-249,-247,65,249,166,0,-114,-165,-32,153,78,-191,-236,226,71
"454",193,-178,-222,-244,-170,94,190,208,215,-141,-159,-116,121,-137,134,-76,3,124
"455",116,-128,-202,-93,-219,-2,233,27,-1,-241,-212,-169,202,-189,88,-1,171,70
"456",235,-46,-216,-204,-176,70,200,185,79,-215,-216,-77,213,-74,-97,-108,203,239
"457",-3,-221,-241,-245,-226,163,246,240,-3,-242,-245,-243,243,-245,243,-83,39,245
"458",164,-197,-247,-140,-232,0,113,157,69,-217,-198,-163,188,-225,-236,-188,111,44
"459",241,-237,-231,-229,-236,-2,235,233,-1,-239,-225,-100,226,-222,-144,-3,123,72
"460",105,174,-154,-159,-175,1,132,148,43,-144,-181,-100,31,-2,-209,-138,-1,146
"461",221,-233,-226,-221,-231,217,225,192,220,-214,-215,-206,215,-222,-227,-178,181,237
"462",216,-201,-161,-56,-234,74,234,218,-53,-210,-248,-116,200,-222,-83,-84,-114,224
"463",192,-208,-201,-246,-216,-1,247,200,0,-161,-205,-215,190,-147,145,-206,2,146
"464",127,-135,-72,-247,-216,-1,237,1,-4,-157,-225,-136,241,-140,41,-216,248,154
"465",241,-97,-241,-199,-242,30,215,179,49,-237,-229,-245,223,-37,-182,-20,146,184
"466",91,-127,-246,-3,-3,-3,211,244,-182,0,0,0,0,0,0,-107,218,156
"467",241,-246,-244,-246,-246,-1,245,245,-1,-247,-247,-246,243,241,125,-246,130,246
"468",-16,-245,-246,-243,-244,241,0,67,-102,-243,-173,-231,244,-76,-1,-244,238,9
"469",47,-227,-246,-222,-232,51,208,208,71,-234,-232,-229,222,-189,-227,-145,92,181
"470",189,-148,-194,-204,-182,-9,54,122,-22,-23,-60,38,22,-229,6,-187,39,72
"471",193,-221,-205,-163,-141,143,90,110,-21,-179,-175,-223,83,-37,17,-80,47,153
"472",225,-34,-235,-243,-78,212,-153,173,174,-59,-242,-64,245,-154,-72,-233,200,239
"473",195,-180,-212,-232,-182,-1,206,232,-1,-215,-216,-220,178,-180,-175,-207,181,214
"474",189,-158,-186,-213,-80,86,197,178,-10,-227,-231,-234,207,-213,-208,-224,203,211
"475",1,-240,-70,-239,-12,235,235,112,39,-2,-140,-50,143,-212,-37,-242,20,246
"476",148,-1,-230,-66,-237,-2,1,2,-6,-246,-3,-170,1,-244,-99,-85,2,3
"477",101,-115,-107,-172,-177,-177,-177,-177,-177,-118,-124,-96,-96,-96,-96,-96,-96,128
"478",116,-138,-163,-239,-107,-1,205,244,128,-198,-145,-229,237,-97,-206,-153,157,171
"479",34,71,-144,194,63,154,-120,-177,199,-131,-242,-201,227,-75,83,111,197,197
"480",215,-29,-42,-134,-85,126,234,143,140,-142,-113,-5,166,-75,-76,-128,65,72
"481",-165,-73,166,-12,96,-46,-15,-72,-1,-194,-25,-4,-137,-67,-189,1,-166,-229
"482",213,-205,-241,-243,-235,234,250,228,83,-243,-245,-242,240,-125,-181,-187,170,229
"483",184,-178,-3,-122,-105,0,174,102,52,-26,-76,-114,164,-63,-72,-55,21,84
"484",1,-1,2,5,-190,-50,4,3,-168,-1,-180,0,245,0,6,-140,240,243
"485",249,-246,-168,-158,-174,-2,237,244,-99,-223,-189,-182,241,-40,-232,-226,235,246
"486",236,-179,-174,-220,-132,-1,249,215,0,-176,-179,-247,250,-103,-219,-249,248,220
"487",156,-157,-138,-202,-46,1,183,187,1,-168,-207,-105,0,-1,57,53,108,156
"488",235,-159,-146,-206,-219,211,243,-3,77,-241,-238,-238,243,93,247,-100,14,226
"489",217,-119,-184,-190,-200,180,189,22,-1,-157,-245,-42,223,-23,-24,-215,42,97
"490",221,-220,-167,-226,-142,189,208,234,217,-177,-168,-157,177,155,-148,-101,153,-152
"491",220,-227,-221,-245,-228,-1,231,235,0,-220,-227,-241,228,-231,-233,-236,125,228
"492",133,-212,-214,-227,-187,60,182,33,-1,-113,-196,-153,100,41,-6,-31,83,92
"493",231,-247,-179,-226,-2,2,243,248,-2,-241,-240,-249,233,-2,2,-3,-2,241
"494",237,-246,-249,-246,-238,227,236,157,209,-244,-236,-244,238,-233,6,-242,194,218
"495",187,-248,-1,-248,-246,246,2,64,1,-190,-240,-217,240,119,123,-121,98,223
"496",-79,6,77,13,-125,90,-12,139,-31,43,1,-5,8,-3,30,7,-3,-5
"497",206,209,-238,-250,-224,-211,189,186,73,171,-182,-130,171,-147,5,-41,235,184
"498",246,-240,-244,-249,-248,175,249,2,-1,-241,-109,-142,247,-247,246,-248,248,247
"499",-1,39,102,-158,145,135,-7,96,-170,-217,-169,-160,77,-127,-158,-148,134,-93
"500",216,-241,-1,-249,-1,0,227,229,-3,-242,-2,1,230,0,1,-226,-1,247
"501",243,-178,-2,-247,-2,168,-6,2,-2,-142,-155,-247,-1,-245,-248,-248,175,-2
"502",221,-238,-216,-117,-136,162,163,127,1,-197,-205,-213,162,0,-69,-109,71,116
"503",227,-145,-138,-209,-158,0,202,83,0,-96,-240,-166,141,-245,-244,-248,-7,248
"504",241,-235,-63,-22,-129,-1,241,203,1,-132,-229,-196,111,-182,-93,-111,203,101
"505",180,-111,-168,-229,-72,-59,173,70,-26,-217,-172,-119,125,79,-68,-53,159,115
"506",202,-231,-221,-230,-213,83,106,202,44,-212,-231,-249,150,-209,-102,-197,52,169
"507",243,-247,-250,-245,-212,171,222,209,113,-221,-247,-246,248,-98,-243,-130,193,208
"508",107,-127,-1,-158,140,172,102,-1,-1,1,-1,-85,223,0,1,134,-1,0
"509",188,-191,-124,-219,-95,134,173,135,-1,-102,-83,-152,155,-97,-1,-150,0,117
"510",104,-215,-149,-180,-211,65,-1,111,82,-116,-172,-107,-107,29,30,27,23,23
"511",229,-203,-112,-236,-191,67,180,148,-11,-218,-244,-238,239,4,-4,-246,62,153
"512",192,-211,-220,-237,-230,239,230,202,221,-218,-201,-219,214,-141,-124,-196,174,196
"513",202,-132,-162,-233,1,-3,3,-1,1,-191,-74,1,4,-1,-2,-244,-1,241
"514",223,-180,-206,-148,-129,169,206,153,75,-138,-181,-77,87,-48,-83,-147,121,164
"515",19,21,21,21,21,21,21,21,20,20,20,19,26,16,209,81,203,242
"516",230,-247,-1,-1,-1,182,-1,-1,-1,-243,-242,-1,240,1,-33,-37,-5,-2
"517",220,-186,-217,-228,-227,-1,208,231,-31,-129,-169,-148,192,-101,-94,-233,139,214
"518",-6,-7,22,24,-9,-25,-34,-54,-3,-35,17,47,6,58,121,-43,-69,106
"519",227,-186,-197,-192,2,152,-200,185,-2,-200,216,201,189,-221,-4,-233,1,224
"520",244,-250,-166,-174,-216,3,-2,203,-49,-250,-96,-96,250,-39,-1,-86,245,245
"521",249,-249,-1,-225,0,0,-3,247,-2,-247,-226,-1,244,-3,0,-239,-5,236
"522",216,-120,-192,-227,-178,-10,201,249,107,-234,-187,-122,55,-56,-110,-235,226,205
"523",90,-242,-118,-134,-124,39,224,241,153,-231,-237,-240,198,118,-96,142,121,173
"524",176,-178,-204,-206,-198,76,53,40,28,-191,-183,-71,67,-39,-83,-91,102,131
"525",243,-125,-241,-121,-248,0,5,245,-8,-133,-234,-234,241,26,-136,-138,241,237
"526",225,-151,-221,-171,-233,12,225,72,3,-179,-144,-183,232,-102,-12,-218,187,212
"527",216,-195,-221,-198,-230,4,197,187,-64,-204,-215,-187,189,-117,-157,-83,85,159
"528",-13,-242,-242,-245,-238,0,237,236,0,-237,-227,-237,230,-227,-241,-229,221,237
"529",249,-87,-230,-246,-209,246,248,2,-1,5,5,-237,245,-240,86,1,1,245
"530",122,-212,-6,-236,-8,-5,212,187,220,-233,-1,0,235,-240,1,-233,174,232
"531",229,-235,-213,-239,-233,51,23,57,31,-232,-236,-218,202,-36,12,-38,29,167
"532",-6,-159,-10,-241,-225,-1,-1,-1,-95,-228,-236,-245,12,-240,-2,-241,21,247
"533",103,-194,-188,-159,-158,-126,234,190,-118,-114,-177,-127,142,-124,-132,-98,124,188
"534",234,-221,-243,-38,-78,-20,178,120,-21,-227,-181,-127,190,-43,78,-234,220,201
"535",19,-6,23,26,-138,121,165,190,173,-205,-189,-93,159,-17,30,-111,184,153
"536",232,-124,-199,-222,-178,-1,94,224,90,-169,-202,-217,226,-186,-189,-178,175,236
"537",193,-178,-226,-246,-191,-1,184,127,0,-134,-148,-83,93,1,-92,-129,196,70
"538",236,-236,-193,-205,-156,190,202,159,-109,-193,-192,-189,141,-202,-198,-174,55,222
"539",-66,-213,-244,-196,-236,23,15,172,135,-221,-171,-209,63,119,213,-219,-195,-208
"540",202,-214,-218,-225,-219,5,147,132,-122,-126,-245,-235,233,-111,-172,-234,126,223
"541",173,-215,-217,-185,-223,184,189,245,-11,-135,-246,-241,168,40,108,-167,-146,239
"542",218,-155,-216,-202,-134,-1,229,128,-64,-115,-229,-197,218,61,-217,-151,44,201
"543",207,-205,-202,-204,-155,1,126,92,-1,-227,-149,-155,202,-43,-219,-156,9,208
"544",232,-219,17,-231,-197,227,-1,-230,154,-78,1,-231,248,-237,-31,-97,152,241
"545",67,-189,-177,-234,-189,13,148,92,209,-229,-151,-177,71,-212,-129,-98,75,100
"546",83,-163,-127,-171,-82,127,153,165,106,-89,-87,-92,142,93,77,-122,114,74
"547",250,-248,0,-243,-187,205,246,171,-1,-247,-250,-247,246,-192,-148,-249,225,237
