"","1","2","3","4","5","6","7","8","9","10","11","12","13","14","15","16","17","18","19","20","21","22","23","24","25","26","27","28","29","30","participant","rewexpect_group"
"1",6,6,3,4,3,5,4,3,4,3,7,7,5,7,4,6,4,4,4,4,7,7,5,7,4,6,4,4,4,4,1,2
"2",7,4,5,7,7,5,3,6,4,3,7,5,4,4,6,6,7,5,4,4,7,4,5,7,7,5,3,6,4,4,2,1
"3",1,1,1,1,1,2,1,1,1,1,2,3,2,3,2,1,1,1,2,4,2,3,2,3,2,1,1,1,2,4,3,4
"4",3,6,4,5,2,4,5,5,3,3,8,6,7,5,5,4,5,3,5,7,8,6,7,5,5,4,5,3,5,7,4,4
"5",1,1,2,1,1,2,1,2,1,1,1,1,2,1,1,2,1,2,1,1,2,5,6,6,8,6,9,7,6,5,5,3
"6",1,1,2,4,3,4,9,9,9,6,1,1,2,4,3,4,9,9,9,6,6,6,6,6,7,7,8,7,7,7,6,1
"7",1,5,7,6,6,6,6,6,6,6,6,7,6,4,6,5,4,4,4,6,4,5,7,6,6,6,6,6,6,6,7,2
"8",7,6,4,5,4,7,5,7,7,2,7,5,7,3,2,2,6,3,7,6,6,3,6,5,8,1,6,8,7,5,8,4
"9",4,3,4,4,3,5,4,3,3,3,4,4,4,5,4,4,4,4,4,5,4,4,4,5,4,4,4,4,4,5,9,1
"10",4,4,3,6,4,6,6,3,5,2,4,4,3,6,4,6,6,3,5,2,3,4,5,5,6,7,4,5,4,4,10,4
"11",5,5,5,5,5,5,5,4,4,3,7,6,7,6,7,4,3,5,7,4,7,6,7,6,7,4,3,5,7,4,11,1
"12",9,9,9,9,9,9,9,9,9,9,9,9,9,9,9,9,9,9,9,9,9,9,9,9,9,9,9,9,9,9,12,1
"13",6,2,3,1,1,1,1,1,1,1,3,3,2,3,5,3,2,3,3,3,3,3,2,3,5,3,2,3,3,3,13,1
"14",5,7,2,5,5,6,5,5,2,5,3,2,4,4,4,3,3,3,2,4,5,7,2,5,5,6,5,5,4,5,14,4
"15",7,7,8,7,7,8,8,6,8,9,7,7,8,7,7,8,8,6,8,9,3,3,6,7,4,6,6,4,6,6,15,1
"16",1,1,2,1,1,1,2,3,1,1,1,2,1,2,1,2,1,1,1,2,1,1,2,1,1,1,2,3,1,1,16,2
"17",1,1,1,1,1,1,1,1,1,1,1,1,1,1,1,1,1,1,1,1,1,1,1,1,1,1,1,1,1,1,17,4
"18",4,3,5,4,3,3,3,3,2,2,2,4,2,2,2,3,2,3,2,3,4,3,5,4,3,3,3,3,2,2,18,4
"19",2,2,3,4,2,7,3,4,3,3,2,2,3,4,2,7,3,4,3,3,8,7,5,5,3,3,8,6,5,5,19,3
"20",3,9,9,9,1,4,3,1,3,6,1,5,4,6,2,5,5,5,4,5,3,9,9,9,1,4,3,1,3,6,20,4
"21",2,2,3,2,2,2,2,2,2,2,2,2,2,2,2,2,2,2,2,4,4,6,4,4,6,4,4,4,4,4,21,1
"22",5,6,3,5,5,4,5,5,4,5,3,5,3,5,5,6,6,6,7,6,5,6,3,5,5,4,5,5,4,5,22,4
"23",1,9,9,9,9,9,9,9,9,9,9,9,9,3,9,9,9,9,9,8,1,9,9,9,9,9,9,9,9,9,23,2
"24",5,4,3,1,1,1,1,1,1,1,1,1,1,1,1,1,1,1,1,1,9,8,5,5,7,7,9,7,5,8,24,3
"25",6,4,3,3,2,3,2,1,1,1,3,3,3,4,3,4,4,2,3,2,5,4,3,4,4,4,4,4,4,4,25,1
"26",1,1,1,1,1,3,1,1,1,1,2,1,2,2,1,1,2,1,2,3,1,1,1,1,1,3,1,1,1,1,26,2
"27",5,5,5,5,5,4,5,3,3,3,5,5,5,5,5,4,5,3,3,3,5,6,5,6,5,5,6,6,6,5,27,3
"28",1,1,2,6,6,6,1,3,5,4,4,3,4,4,4,4,4,4,4,4,4,3,4,4,4,4,4,4,4,4,28,1
"29",1,1,1,1,1,4,1,1,1,1,3,1,1,1,1,1,1,1,1,4,1,1,1,1,1,4,1,1,1,1,29,1
"30",6,4,6,3,7,6,5,5,1,1,6,4,6,3,7,6,5,5,1,1,1,8,7,5,5,7,9,7,7,6,30,3
"31",6,1,9,4,3,4,4,3,1,1,6,1,9,4,3,4,4,3,1,1,6,1,9,4,3,4,4,3,1,1,31,2
"32",1,5,5,1,5,5,5,5,5,5,4,3,1,5,5,5,5,5,5,5,4,3,1,5,5,5,5,5,5,5,32,2
"33",6,7,5,4,6,5,6,7,6,6,5,5,5,5,8,5,5,6,6,4,5,5,5,5,8,5,5,6,5,6,33,4
"34",4,2,3,3,3,4,2,2,2,2,5,6,6,6,7,7,6,5,6,6,5,6,6,6,7,7,6,5,6,6,34,1
"35",3,6,4,3,4,2,2,3,2,2,3,6,4,3,4,2,2,3,2,2,3,6,4,3,4,2,2,3,2,2,35,2
"36",3,8,3,8,6,3,8,9,8,8,9,8,9,4,9,8,9,8,3,7,3,8,3,8,6,3,8,9,8,8,36,4
"37",2,1,1,3,1,1,1,1,1,1,2,1,1,3,1,1,1,1,1,1,2,1,1,3,1,1,1,1,1,1,37,2
"38",9,5,9,9,6,5,6,5,5,6,9,5,9,9,6,5,6,5,5,6,9,9,9,9,9,9,9,9,9,9,38,1
"39",5,2,5,5,2,8,3,4,1,1,3,3,3,5,5,4,3,3,4,6,3,3,3,5,5,4,3,3,4,6,39,4
"40",5,3,2,2,2,2,2,1,1,1,3,6,6,4,7,8,7,7,8,8,3,6,6,4,7,8,7,7,8,8,40,2
"41",6,6,6,6,6,6,6,6,6,6,6,6,6,6,6,6,6,6,6,6,6,6,6,6,6,6,6,6,6,6,41,3
"42",5,3,4,3,3,3,3,2,3,4,2,2,3,2,2,3,2,3,3,3,2,2,3,2,2,3,2,3,3,3,42,4
"43",4,4,5,5,1,1,1,1,1,1,2,1,1,1,1,1,1,1,1,1,2,1,1,1,1,1,1,1,1,1,43,4
"44",1,1,1,3,1,2,1,1,1,1,1,1,1,2,1,1,1,1,1,1,1,5,4,1,6,3,7,7,7,1,44,3
"45",1,1,1,1,4,4,1,3,3,3,2,4,2,6,2,4,2,1,6,3,1,1,1,1,4,4,1,3,3,3,45,4
"46",9,5,3,2,1,1,2,1,1,1,9,5,3,2,1,1,2,1,1,1,9,5,3,2,1,1,2,1,1,1,46,2
"47",8,4,6,8,6,6,7,7,7,6,7,7,7,7,7,7,7,7,7,7,8,7,6,8,8,6,7,7,7,6,47,1
"48",1,1,1,1,1,1,1,1,1,1,1,1,1,1,1,1,1,1,1,1,1,1,1,1,1,1,1,1,1,1,48,4
"49",5,5,7,7,7,5,8,7,7,7,5,4,3,3,3,3,1,3,2,2,5,5,7,7,7,5,8,7,7,7,49,1
"50",5,5,4,4,4,4,3,3,3,3,3,2,3,3,3,3,3,3,3,3,3,3,3,3,3,3,3,3,3,3,50,3
"51",1,3,8,9,4,1,4,6,5,4,1,3,8,9,4,1,4,6,5,4,7,7,5,4,7,7,4,7,6,7,51,1
"52",2,2,2,5,2,2,3,1,3,2,1,2,1,3,2,1,2,1,2,2,2,2,2,5,2,2,3,1,3,2,52,4
"53",7,7,7,7,7,7,7,7,6,7,7,7,7,7,7,7,7,7,6,7,7,7,7,7,7,7,7,7,6,7,53,1
"54",1,1,5,3,5,3,1,5,5,5,5,1,1,1,2,3,9,8,6,6,5,1,1,1,2,3,9,8,6,6,54,1
"55",4,5,6,5,5,5,5,5,6,5,5,5,5,5,5,5,5,5,6,5,5,4,5,4,5,5,5,5,5,5,55,1
"56",4,6,3,3,4,4,5,4,4,4,4,6,3,3,4,4,5,4,4,4,4,6,3,3,4,4,5,4,4,4,56,4
"57",1,1,1,1,1,1,1,1,1,1,1,1,1,1,1,1,1,1,1,1,1,1,1,1,1,1,1,1,1,1,57,1
"58",5,1,3,7,9,6,8,6,6,6,5,1,3,7,9,6,8,6,6,6,5,1,3,7,9,6,8,6,6,6,58,1
"59",3,2,4,3,1,3,2,2,3,2,2,3,3,5,1,3,2,3,3,6,3,2,4,3,1,3,2,2,3,2,59,2
"60",8,3,8,8,8,3,7,8,8,5,5,6,7,7,7,7,7,7,7,7,8,3,8,8,8,3,7,8,8,5,60,2
"61",2,1,1,1,1,1,1,1,1,2,1,1,2,1,2,1,1,2,7,2,2,1,1,1,1,1,1,1,1,2,61,2
"62",4,9,9,9,9,9,9,9,9,9,4,9,9,9,9,9,9,9,9,9,9,7,9,9,9,9,9,9,9,9,62,3
"63",9,1,5,1,7,5,1,5,5,5,3,2,4,7,3,5,4,5,4,4,5,5,4,4,5,5,5,5,5,4,63,1
"64",1,9,9,9,9,9,9,9,9,9,1,3,2,3,4,1,1,1,2,3,1,9,9,9,9,9,9,9,9,9,64,2
"65",8,7,7,7,7,7,7,7,7,7,8,7,7,7,7,7,7,7,7,7,8,7,7,7,7,7,7,7,7,7,65,2
"66",5,1,4,4,4,5,1,1,1,6,1,4,3,4,4,6,2,4,1,3,1,4,5,4,4,6,3,4,1,3,66,2
"67",2,2,3,1,2,6,2,1,5,3,2,2,3,1,2,6,2,1,5,3,2,2,3,1,2,6,2,1,5,3,67,2
"68",2,1,2,1,1,3,1,2,2,2,2,2,2,2,2,2,1,1,1,1,2,2,2,2,2,2,1,1,1,1,68,1
"69",3,5,1,2,5,1,4,1,5,6,3,5,1,2,4,1,4,1,5,6,7,6,6,3,7,2,1,6,8,3,69,1
"70",1,1,1,1,1,1,1,1,1,1,1,1,1,1,1,1,1,1,1,1,7,5,3,2,5,2,9,2,3,1,70,3
"71",4,4,4,4,4,5,4,4,4,4,4,4,4,4,4,4,4,4,4,4,4,4,4,4,4,5,4,4,4,4,71,4
"72",3,2,4,2,2,4,3,3,2,2,4,5,4,5,5,5,5,5,5,5,3,2,4,2,2,4,3,3,2,2,72,2
"73",4,2,1,1,1,1,1,1,7,3,6,7,6,4,4,5,4,5,5,4,6,7,6,4,4,5,4,5,5,4,73,1
"74",1,1,3,1,1,3,1,2,1,4,1,4,4,2,1,1,3,4,5,6,1,1,3,1,1,3,1,2,1,4,74,4
"75",1,1,3,4,2,3,7,3,3,1,1,1,3,4,2,3,7,3,3,1,1,2,2,1,3,3,2,2,3,1,75,1
"76",7,5,5,5,5,5,5,5,5,5,7,7,6,6,6,6,7,6,6,6,5,5,5,5,5,5,5,5,5,6,76,1
"77",4,4,4,5,5,4,5,7,4,4,5,6,6,4,5,6,5,4,4,6,4,4,4,5,5,4,5,7,4,4,77,4
"78",3,1,2,3,2,2,3,1,2,2,4,3,2,3,3,2,2,2,3,3,2,3,2,3,3,3,3,3,3,4,78,1
"79",1,3,1,2,2,3,2,2,1,1,1,3,1,2,2,3,2,2,1,1,6,7,5,5,5,5,5,5,7,5,79,1
"80",7,6,2,7,8,8,8,8,8,6,8,7,5,8,6,7,7,3,3,7,7,6,2,7,8,8,8,8,8,6,80,1
"81",1,1,1,3,3,2,7,9,8,8,1,1,1,3,3,2,7,9,8,8,1,1,1,3,3,2,7,9,8,8,81,2
"82",6,1,1,1,1,1,1,5,1,1,2,1,8,9,9,9,8,8,9,9,8,9,3,9,9,9,9,9,9,1,82,1
"83",6,5,6,6,6,6,6,5,6,6,6,7,6,6,5,6,6,6,6,6,6,5,6,6,6,6,6,5,6,6,83,2
"84",7,5,4,6,7,6,6,7,7,7,7,7,8,8,9,8,6,8,7,8,7,8,8,8,8,8,8,8,9,8,84,1
"85",5,1,1,1,1,1,1,2,2,1,5,1,1,1,1,1,1,2,2,1,9,8,7,6,6,6,9,8,8,5,85,3
"86",7,3,6,7,5,7,6,5,8,8,8,6,7,8,7,8,6,8,6,6,7,3,6,7,5,7,6,5,8,8,86,1
"87",9,9,6,5,6,6,7,8,8,8,7,7,7,5,6,9,7,8,8,8,7,7,7,5,6,9,7,8,8,8,87,1
"88",2,1,1,1,1,1,1,1,1,1,1,2,1,6,1,6,3,4,3,8,9,9,9,9,9,9,9,9,9,8,88,1
"89",5,5,1,1,2,1,4,1,1,1,1,3,1,2,4,1,1,2,6,4,5,4,1,1,2,1,4,1,1,1,89,4
"90",1,1,1,5,4,1,1,5,2,2,2,3,3,7,4,5,5,4,1,4,1,1,1,6,1,1,1,5,2,2,90,1
"91",4,6,7,7,5,5,5,7,2,4,4,6,7,7,5,5,5,7,2,4,5,7,7,4,5,4,8,5,5,5,91,3
"92",5,4,4,4,1,4,4,3,4,4,4,4,4,4,4,4,4,4,4,5,5,5,5,5,5,5,6,6,6,5,92,1
"93",6,5,6,5,5,6,6,5,5,5,7,6,6,5,6,6,6,5,6,6,6,5,6,5,5,6,6,5,5,5,93,2
"94",3,1,1,1,4,2,1,1,1,9,1,3,3,6,6,5,3,3,3,3,1,3,3,6,6,5,3,3,3,3,94,1
"95",1,1,3,1,2,4,1,1,1,1,1,1,3,1,2,4,1,1,1,1,6,7,6,5,6,6,8,7,7,6,95,1
"96",3,4,4,4,3,2,2,3,2,2,3,4,4,4,3,2,2,3,2,2,3,4,4,4,3,2,2,3,2,2,96,2
"97",1,2,2,2,2,2,2,1,2,2,1,2,2,2,2,2,2,1,2,2,1,2,2,2,2,2,2,1,2,2,97,2
"98",1,1,1,1,1,3,1,1,1,1,1,1,1,2,1,2,1,1,1,6,1,1,1,1,1,3,1,1,1,1,98,4
"99",5,5,8,7,9,7,7,9,8,7,5,5,9,7,9,7,7,8,8,7,8,7,7,9,8,7,8,8,8,8,99,1
"100",8,8,8,8,9,9,8,7,8,9,8,8,8,8,9,9,8,7,8,9,8,9,9,5,9,8,6,7,9,7,100,1
"101",1,1,2,1,1,2,1,1,1,1,1,1,2,1,1,2,1,1,1,1,1,1,2,1,1,2,1,1,1,1,101,4
"102",6,9,8,8,6,9,5,8,6,9,9,4,8,9,8,5,5,9,5,9,8,9,9,7,9,6,7,5,9,9,102,1
"103",7,5,6,5,6,5,7,6,1,5,7,7,5,7,4,6,4,5,3,2,7,5,6,5,6,5,7,6,1,5,103,3
"104",1,1,1,1,1,2,1,1,1,1,1,2,1,2,1,3,2,2,2,4,1,1,1,1,1,2,1,1,1,1,104,2
"105",3,2,1,1,1,2,1,1,1,1,1,5,5,6,6,6,6,6,6,6,3,2,1,1,1,2,1,1,1,1,105,2
"106",6,7,5,4,6,4,4,7,3,3,6,7,5,4,6,4,4,7,3,3,4,4,5,5,6,6,6,7,7,6,106,3
"107",8,6,3,3,2,4,3,6,3,1,7,6,3,3,7,9,2,4,3,2,8,6,3,3,2,4,3,6,3,4,107,3
"108",9,9,9,9,9,9,9,9,8,9,9,9,9,9,9,9,9,9,8,9,9,9,9,9,9,9,9,9,9,9,108,3
"109",2,1,1,1,1,1,1,1,1,1,1,1,2,2,1,2,1,1,1,1,2,1,1,1,1,1,1,1,1,1,109,2
"110",2,6,7,6,2,6,6,7,7,7,2,6,7,6,2,6,6,7,7,7,2,6,7,6,2,6,6,7,7,7,110,2
"111",1,2,1,2,5,6,1,6,2,5,4,2,1,5,3,6,6,2,2,3,1,2,1,2,5,6,1,6,2,5,111,2
"112",3,2,9,7,2,8,1,7,8,7,8,8,9,9,7,8,6,7,8,8,9,9,7,8,7,1,9,9,3,8,112,1
"113",4,2,4,4,4,4,4,2,2,3,2,2,4,6,3,8,5,4,4,5,9,9,5,6,7,7,6,5,6,6,113,3
"114",2,2,2,2,2,2,2,9,6,2,1,2,1,2,2,2,2,2,2,2,2,2,2,2,2,2,2,9,6,2,114,1
"115",5,5,5,5,6,6,6,6,5,6,5,5,5,5,5,6,5,9,5,5,5,5,5,6,6,6,6,6,5,6,115,4
"116",9,1,3,8,2,4,7,8,7,8,9,1,3,8,2,4,7,8,7,8,1,7,6,6,6,6,6,9,7,5,116,3
"117",1,1,3,2,1,3,1,3,1,2,1,1,3,2,1,3,1,3,1,2,4,3,1,2,3,3,1,2,2,3,117,1
"118",6,4,5,5,5,6,5,5,6,6,5,6,6,6,5,5,4,4,5,6,6,4,5,5,5,6,5,5,6,6,118,4
"119",3,7,6,5,5,6,7,7,7,4,3,7,6,5,5,6,7,7,7,4,3,7,6,5,5,6,7,7,7,4,119,4
"120",4,4,3,2,8,7,6,4,4,6,7,7,6,7,2,7,1,9,4,3,4,4,3,2,8,7,6,4,4,6,120,4
"121",1,1,1,1,1,1,1,1,1,1,2,1,1,1,1,1,1,1,1,1,1,1,1,1,1,1,1,1,1,1,121,2
"122",1,5,9,1,5,1,3,2,1,1,1,5,9,1,5,1,3,2,1,1,1,5,9,1,5,1,3,2,1,1,122,2
"123",3,2,2,2,2,2,2,2,2,2,2,2,2,3,2,3,3,3,3,6,6,3,3,3,3,3,4,3,3,4,123,1
"124",7,3,6,8,7,7,8,6,6,8,9,8,6,9,8,8,7,8,9,7,5,3,6,8,7,7,8,6,6,8,124,2
"125",2,3,5,4,5,3,3,4,5,3,2,3,5,4,5,3,3,4,5,3,2,3,5,4,5,3,3,4,5,3,125,1
"126",3,2,3,3,3,4,2,1,1,2,3,2,3,3,3,4,2,1,1,2,2,3,3,4,4,2,4,4,4,2,126,3
"127",1,1,3,2,1,2,1,1,1,1,1,1,3,2,1,2,1,1,1,1,1,1,3,2,1,2,1,1,1,1,127,2
"128",5,6,6,5,7,7,7,7,6,7,5,6,6,5,7,7,7,7,6,7,5,6,6,5,7,7,7,7,6,7,128,2
"129",5,4,5,4,6,6,6,5,6,5,2,3,3,3,3,3,7,6,7,5,2,3,3,3,3,3,7,6,7,5,129,1
"130",1,1,2,1,9,9,9,9,9,6,9,9,9,9,9,9,9,9,9,9,9,9,9,9,9,9,9,9,9,9,130,2
"131",8,7,8,7,7,7,7,7,7,7,8,8,8,8,8,8,8,9,8,8,8,8,5,8,8,8,8,8,8,8,131,1
"132",3,6,5,7,5,7,7,6,7,6,3,6,5,7,5,7,7,6,7,6,3,6,5,7,5,7,7,6,7,6,132,1
"133",3,1,1,1,5,4,1,2,4,2,2,2,2,4,2,1,4,1,3,1,3,1,1,1,5,4,1,2,4,2,133,3
"134",1,1,1,2,5,4,6,6,6,7,1,1,1,2,5,4,6,6,6,7,5,6,6,6,6,5,5,5,5,5,134,3
"135",5,2,1,2,5,5,7,5,5,5,5,2,1,2,5,5,7,5,5,5,5,2,1,2,5,5,7,5,5,5,135,2
"136",1,1,1,1,1,1,1,1,1,1,1,3,4,3,3,3,2,1,1,2,1,1,1,1,1,1,1,1,1,1,136,2
"137",8,6,3,4,4,5,3,4,2,3,3,5,4,7,7,2,2,1,3,6,8,6,3,4,4,5,3,4,2,3,137,2
"138",5,6,4,6,5,5,4,5,6,4,4,4,4,5,4,6,5,5,5,5,5,6,4,6,5,5,4,5,6,4,138,4
"139",1,1,1,1,1,1,1,1,1,1,1,1,2,1,1,1,1,1,1,1,9,9,9,9,9,9,8,9,9,9,139,1
"140",3,3,4,6,5,7,6,5,5,4,4,5,6,5,4,5,4,3,4,4,3,3,4,6,5,7,6,5,5,4,140,2
"141",1,1,2,1,1,4,1,2,1,1,2,1,1,1,1,5,1,1,3,6,1,1,2,1,1,4,1,2,1,1,141,2
"142",5,4,2,2,6,6,3,5,4,6,5,5,5,5,5,4,4,4,4,5,5,5,5,5,5,5,5,5,5,5,142,3
"143",6,7,7,6,4,4,6,8,8,8,6,7,7,6,4,4,6,8,8,8,6,7,7,6,4,4,6,8,8,8,143,2
"144",3,3,4,3,3,3,5,1,1,1,1,1,1,5,3,1,1,1,1,1,3,3,4,3,3,3,5,1,1,1,144,4
"145",5,6,6,4,2,1,1,5,5,6,5,6,6,4,2,1,1,5,5,6,6,6,6,4,2,1,1,5,5,6,145,2
"146",2,2,2,2,2,2,2,2,2,2,2,2,2,2,2,2,2,2,2,2,2,2,2,2,2,2,2,2,2,2,146,3
"147",4,7,3,3,1,6,3,6,8,7,7,7,6,4,6,1,7,6,7,6,6,7,6,5,7,6,6,7,7,6,147,3
"148",2,1,1,1,1,2,1,1,1,1,2,1,1,4,2,4,2,2,2,6,2,1,1,1,1,2,1,1,1,1,148,2
"149",6,6,6,6,6,7,6,6,7,6,5,5,6,6,5,6,5,5,5,6,5,5,6,6,5,6,5,5,5,6,149,4
"150",5,5,5,5,5,5,5,2,5,5,5,5,5,5,5,5,5,2,5,5,5,5,5,5,5,5,5,2,5,5,150,4
"151",1,1,1,1,1,1,1,1,1,1,1,1,1,1,1,1,1,1,1,1,1,1,1,1,1,1,1,1,1,1,151,3
"152",3,2,2,1,1,1,1,1,1,1,4,4,5,5,4,4,3,3,3,3,3,2,2,1,1,1,1,1,1,1,152,2
"153",7,5,6,6,6,5,7,6,8,5,7,5,6,6,6,5,7,6,8,5,7,5,6,6,6,5,7,6,8,5,153,2
"154",5,5,5,5,4,5,5,6,6,6,6,5,5,4,6,5,6,6,5,6,5,5,5,5,4,5,5,6,6,6,154,1
"155",5,5,3,3,5,6,5,5,5,2,5,5,3,3,5,5,5,5,5,2,7,7,5,5,6,9,9,8,9,6,155,3
"156",4,5,5,5,5,6,5,5,4,6,5,5,5,4,5,4,4,5,5,5,4,5,5,5,5,6,5,5,4,6,156,3
"157",1,8,1,9,9,3,9,8,1,1,1,2,1,4,1,2,1,1,1,5,1,8,1,9,9,3,9,8,1,1,157,4
"158",2,2,2,3,1,1,2,1,1,1,2,4,4,6,4,5,4,1,4,6,2,4,4,6,4,5,4,1,4,6,158,4
"159",1,1,2,2,2,8,1,2,1,1,1,3,3,8,2,4,4,1,6,9,1,1,2,2,2,8,1,2,1,1,159,4
"160",8,7,7,7,7,7,7,7,7,7,6,7,6,7,7,7,6,7,5,7,7,7,6,7,7,6,7,7,6,7,160,3
"161",1,1,1,1,1,1,1,1,1,1,1,1,1,1,1,1,1,1,1,1,2,2,2,3,3,3,3,3,3,3,161,3
"162",9,3,9,9,9,2,9,9,9,9,9,7,8,9,7,8,9,9,7,8,9,7,8,9,7,8,9,9,7,8,162,4
"163",5,1,7,4,6,5,6,4,4,6,3,6,3,6,5,6,4,6,7,7,5,1,7,4,6,5,6,4,4,6,163,4
"164",4,2,6,5,3,7,7,6,5,3,4,2,6,5,3,7,7,6,5,3,8,8,7,8,7,6,7,8,7,8,164,3
"165",2,3,4,3,5,5,4,5,2,3,2,3,4,3,5,5,4,5,2,3,2,3,4,3,5,5,4,5,2,3,165,2
"166",1,1,1,1,7,1,1,2,1,1,1,1,2,4,1,1,1,1,2,2,1,2,2,2,3,2,2,3,2,2,166,1
"167",7,7,7,4,7,4,3,7,7,7,7,7,7,4,7,4,3,7,7,7,6,4,4,3,3,3,7,7,7,3,167,2
"168",7,3,6,7,4,7,4,4,6,6,4,7,7,4,7,6,7,6,7,6,7,3,6,7,4,7,4,4,6,6,168,2
"169",1,1,1,1,1,4,1,1,1,5,1,1,1,5,1,1,1,1,1,1,1,1,1,1,1,4,1,1,1,5,169,4
"170",1,1,1,1,1,1,1,1,1,1,1,1,1,1,1,1,1,1,1,1,2,2,2,2,2,3,3,3,3,3,170,3
"171",5,4,5,5,5,5,5,5,6,5,5,5,5,6,5,5,5,6,5,5,5,4,5,5,5,5,5,5,6,5,171,2
"172",1,9,5,9,1,7,9,8,8,6,1,9,5,9,1,7,9,8,8,6,6,7,7,6,4,6,7,7,6,4,172,3
"173",5,3,5,5,4,5,3,5,5,5,6,5,5,7,4,7,7,6,3,6,8,8,6,6,6,6,7,6,8,7,173,1
"174",6,6,5,6,6,6,6,6,6,5,6,5,5,5,5,5,5,6,5,6,6,5,6,6,5,6,6,6,5,7,174,1
"175",7,6,6,5,3,3,4,3,6,2,7,6,6,5,3,3,4,3,6,2,7,6,6,5,3,3,4,3,6,2,175,1
"176",9,9,7,8,8,8,8,8,8,7,1,6,4,3,8,7,8,8,7,7,9,9,7,8,8,8,8,8,8,7,176,2
"177",1,2,2,3,1,4,2,4,3,6,1,6,6,3,5,1,6,6,3,2,1,1,1,1,1,1,5,5,8,5,177,1
"178",5,5,5,5,4,5,5,5,5,1,5,5,5,5,5,3,5,5,5,5,5,5,5,5,4,5,5,5,5,1,178,2
"179",5,5,5,5,3,5,5,5,5,5,5,5,5,5,3,5,5,5,5,5,5,5,5,5,3,5,5,5,5,5,179,2
"180",5,4,5,1,1,1,1,3,3,3,5,4,5,1,1,1,1,3,3,3,5,6,8,9,8,9,9,9,9,9,180,3
"181",5,1,6,6,5,6,5,6,3,5,5,3,6,7,7,2,5,3,2,4,9,5,7,3,5,3,9,5,1,2,181,1
"182",6,6,8,9,6,6,7,7,6,8,6,6,8,9,6,6,7,7,6,8,6,6,8,9,6,6,7,7,6,8,182,1
"183",1,3,5,5,3,3,3,6,2,1,5,2,4,5,3,3,4,4,5,3,4,3,4,5,3,2,6,6,1,2,183,1
"184",6,7,4,6,6,4,7,7,7,6,7,6,7,6,6,7,7,7,7,6,6,7,4,6,6,4,7,7,7,6,184,4
"185",2,1,5,1,1,3,1,1,1,1,4,5,5,6,6,6,4,4,6,7,7,6,5,5,7,5,8,6,6,5,185,1
"186",2,1,2,6,5,3,5,3,5,5,3,5,5,5,5,5,6,5,5,5,5,5,5,5,5,5,7,7,9,5,186,3
"187",2,2,3,4,1,6,4,5,3,1,2,2,3,4,1,6,4,5,3,1,9,9,7,6,6,7,7,7,8,7,187,1
"188",8,8,8,8,8,8,8,8,8,8,8,8,8,8,9,9,9,9,9,9,9,9,9,8,9,9,9,9,9,9,188,3
"189",3,3,3,3,1,2,3,2,3,2,2,3,3,2,3,2,3,2,3,8,3,3,3,3,1,2,3,2,3,2,189,2
"190",8,7,7,7,7,7,7,7,7,7,7,7,9,7,9,7,7,7,5,7,5,7,7,7,7,7,7,7,7,7,190,1
"191",3,2,3,2,3,2,3,3,3,3,3,2,3,2,3,2,3,3,3,3,3,2,3,2,3,2,3,3,3,3,191,2
"192",3,6,6,7,7,7,6,4,4,6,4,4,7,6,7,4,6,6,6,6,3,6,6,7,7,7,6,4,4,6,192,1
"193",2,1,1,1,1,1,1,1,1,1,2,2,1,1,1,1,1,1,1,1,2,1,1,1,1,1,1,1,1,1,193,2
"194",9,9,9,9,9,9,9,9,9,8,8,8,8,8,8,8,8,7,7,7,8,8,8,8,8,8,8,7,7,7,194,2
"195",1,1,2,1,1,3,1,1,1,1,1,1,2,1,1,3,1,1,1,1,1,1,2,1,1,3,1,1,1,1,195,2
"196",1,1,1,2,1,2,1,1,2,2,2,3,2,3,1,3,2,2,2,3,1,1,1,2,1,2,1,1,2,2,196,4
"197",9,9,9,9,9,9,9,9,9,5,4,3,3,3,1,2,4,2,3,6,4,3,3,3,1,2,4,2,3,6,197,1
"198",4,4,4,6,2,3,3,3,5,4,2,3,2,5,5,4,4,2,3,3,4,4,4,6,2,3,3,3,5,4,198,2
"199",1,2,3,3,3,6,2,2,3,2,1,2,3,3,3,6,2,2,3,2,7,7,8,6,8,7,8,8,7,8,199,1
"200",1,1,2,1,1,1,1,1,1,1,1,1,2,1,1,1,1,1,1,1,1,1,2,1,1,1,1,1,1,1,200,4
"201",1,1,1,1,8,1,7,2,2,1,2,1,1,4,9,1,9,9,1,7,2,1,1,4,9,1,9,9,1,7,201,4
"202",4,4,4,4,7,6,4,4,4,4,4,6,6,4,4,4,4,6,5,4,4,4,4,4,7,6,4,4,4,4,202,2
"203",4,9,9,8,9,9,9,9,9,9,9,9,9,9,9,9,9,9,9,9,9,9,9,9,9,9,9,9,9,9,203,1
"204",4,5,5,5,6,5,5,5,5,5,6,5,4,5,5,6,4,3,6,5,6,5,4,5,5,6,4,3,6,5,204,4
"205",1,1,5,3,2,6,3,4,7,2,5,9,5,6,7,5,6,3,7,6,5,9,5,6,7,5,6,3,7,6,205,2
"206",3,2,2,1,1,3,1,1,3,2,2,4,2,9,2,3,1,1,4,6,2,4,2,9,2,3,1,1,4,6,206,1
"207",5,1,4,5,1,5,3,9,6,4,4,5,5,5,4,5,5,5,5,6,5,1,4,5,1,5,3,9,6,4,207,2
"208",1,1,4,5,3,3,4,5,4,5,1,1,4,5,4,3,4,5,4,5,5,6,6,2,5,6,9,9,9,9,208,1
"209",3,2,3,8,7,7,7,8,7,7,6,5,4,6,6,6,7,6,6,7,9,8,6,6,7,5,7,7,6,7,209,1
"210",6,3,3,1,1,6,1,2,3,4,1,2,4,1,8,4,4,3,1,6,8,8,8,3,3,1,9,6,8,2,210,1
"211",3,3,4,7,6,7,9,7,7,7,4,9,9,9,8,6,7,5,6,4,3,3,4,7,6,7,9,7,7,7,211,4
"212",4,5,1,1,1,5,3,2,3,5,4,5,1,1,1,5,3,2,3,5,4,5,1,1,1,5,3,2,3,5,212,2
"213",3,4,6,4,4,6,3,5,6,4,3,4,6,4,4,6,3,5,6,4,6,6,6,7,4,6,6,6,6,5,213,3
"214",9,9,9,9,9,9,9,9,9,9,9,9,9,9,9,9,9,9,9,9,9,9,9,9,9,9,9,9,9,9,214,2
"215",5,2,2,2,1,2,2,2,2,2,2,2,2,2,2,2,2,2,2,2,5,2,2,2,1,2,2,2,2,2,215,2
"216",5,7,5,4,5,6,7,4,4,7,4,4,5,5,6,6,6,3,5,6,5,6,5,4,5,6,7,4,4,7,216,4
"217",2,2,2,2,2,2,2,2,2,2,2,2,2,2,2,2,2,2,2,2,2,4,4,3,4,4,5,4,4,4,217,1
"218",8,8,8,8,8,8,8,8,8,8,8,8,8,8,8,8,8,8,8,8,8,8,8,8,8,8,8,8,8,9,218,1
"219",4,5,5,5,5,5,5,5,5,5,3,3,3,2,5,5,5,5,5,5,4,5,5,5,5,5,5,5,5,5,219,1
"220",1,1,1,1,1,1,1,2,1,1,1,1,1,1,1,1,1,2,1,1,3,4,2,2,2,2,4,3,1,3,220,1
"221",1,2,5,2,7,3,1,5,4,6,3,5,5,4,5,3,4,3,4,4,1,2,5,2,7,3,1,5,4,6,221,1
"222",2,2,2,2,2,2,1,2,1,2,2,2,2,2,2,2,1,2,1,2,2,2,2,2,2,2,1,2,1,2,222,2
"223",5,5,5,5,5,5,5,5,5,5,5,5,5,5,5,5,5,5,5,5,5,5,5,5,5,5,5,5,5,5,223,2
"224",3,2,3,2,2,4,2,3,2,3,3,2,3,2,2,4,2,3,2,4,7,8,7,7,7,7,8,7,7,7,224,3
"225",1,3,6,7,6,6,6,4,6,5,1,3,6,7,6,5,6,4,7,5,1,7,5,8,9,9,8,9,9,9,225,3
"226",1,1,2,2,2,1,1,1,1,1,1,1,1,1,1,1,1,1,1,1,1,1,2,2,2,1,1,1,1,1,226,2
"227",5,7,6,7,8,7,7,7,8,7,4,4,4,5,4,4,3,6,5,6,5,7,6,7,8,7,7,7,8,7,227,4
"228",5,1,5,1,1,5,1,1,1,3,5,6,5,7,2,7,1,5,7,8,9,8,7,8,9,6,9,9,9,7,228,1
"229",2,2,2,2,6,6,7,7,6,3,2,2,2,2,6,6,7,7,6,3,2,2,2,2,6,6,7,7,6,3,229,2
"230",7,5,5,5,4,4,4,4,4,4,6,7,7,7,6,6,5,5,5,6,6,7,7,7,6,6,5,5,5,6,230,2
"231",5,7,5,4,8,1,6,6,6,4,8,7,6,1,6,5,8,7,4,3,8,7,6,1,6,5,8,7,4,3,231,1
"232",1,1,1,1,1,1,1,1,1,1,1,1,2,1,1,1,1,1,1,1,1,1,1,1,1,1,1,1,1,1,232,2
"233",4,5,5,3,3,6,4,3,5,5,4,5,5,3,3,6,4,3,5,5,8,7,7,6,6,6,8,7,6,5,233,3
"234",4,7,7,5,4,4,4,4,4,5,4,7,7,5,4,4,4,4,4,5,4,7,7,5,4,4,4,4,4,5,234,4
"235",4,1,9,1,1,8,1,6,6,1,1,6,6,9,2,7,5,4,6,7,2,1,9,1,1,8,1,6,6,1,235,4
"236",5,5,5,5,5,5,5,5,5,5,5,5,5,5,5,5,5,5,5,5,5,5,5,5,5,5,5,5,5,5,236,2
"237",4,2,4,5,4,5,4,5,4,3,4,2,4,5,4,5,4,5,4,3,8,7,6,5,7,5,7,6,7,5,237,3
"238",1,1,2,5,2,6,1,7,1,7,4,3,3,3,2,2,1,3,1,4,1,1,2,5,2,6,1,7,1,7,238,4
"239",4,7,3,9,8,4,6,1,1,7,1,3,3,3,6,1,2,6,6,7,1,3,3,3,6,1,2,6,6,7,239,2
"240",5,5,1,5,1,2,4,7,1,2,2,1,4,2,6,4,9,8,9,9,5,5,1,5,1,2,6,7,1,2,240,3
"241",1,1,3,1,1,4,1,3,5,4,1,1,3,1,1,4,1,3,5,4,5,5,5,5,6,5,6,5,6,5,241,1
"242",3,1,3,3,4,3,3,3,3,2,4,4,3,3,3,2,2,2,3,3,4,3,3,3,4,3,4,7,4,4,242,1
"243",5,5,5,5,4,4,4,3,3,2,4,2,2,2,2,2,2,2,3,4,4,3,4,8,6,5,4,5,5,6,243,3
"244",3,1,1,1,1,1,1,1,1,2,6,8,8,8,3,4,2,4,4,7,8,4,4,6,3,4,6,4,4,4,244,1
"245",1,1,1,1,1,1,1,1,1,1,1,2,2,3,1,1,1,1,1,2,1,1,1,1,1,1,1,1,1,1,245,2
"246",6,8,9,6,8,8,9,9,7,8,6,8,7,6,7,6,7,7,7,6,8,8,8,7,8,8,9,8,8,7,246,1
"247",3,3,4,3,3,5,3,4,4,5,3,4,4,5,5,4,3,5,5,5,3,3,4,3,3,5,3,4,4,5,247,4
"248",5,5,6,6,6,5,7,4,5,5,4,5,5,5,3,6,2,1,4,9,9,9,8,5,5,4,5,5,5,5,248,1
"249",1,1,1,1,1,1,1,1,1,1,1,1,1,1,1,1,1,1,1,1,1,1,1,1,1,1,1,1,1,1,249,4
"250",6,6,6,6,6,6,6,6,6,6,6,6,6,6,6,6,6,6,6,6,6,6,6,6,6,6,6,6,6,6,250,2
"251",7,5,5,7,4,1,5,4,5,4,4,6,2,2,2,4,2,3,4,2,4,6,2,2,2,4,2,3,4,2,251,4
"252",5,4,4,5,4,6,5,4,4,4,4,5,4,5,4,5,4,4,4,4,5,4,4,5,4,6,5,4,4,4,252,1
"253",9,9,8,9,9,9,9,9,9,9,7,7,7,7,6,7,5,6,5,6,9,9,8,9,9,9,9,9,9,9,253,4
"254",5,5,5,8,8,4,6,6,6,4,5,5,5,8,8,4,6,6,6,4,3,4,4,4,4,3,2,3,4,4,254,3
"255",3,1,6,1,5,6,1,5,5,5,3,1,6,1,5,6,1,5,5,5,3,1,6,1,5,6,1,5,5,5,255,4
"256",5,5,6,5,5,5,5,6,5,5,5,5,6,5,5,5,5,6,5,5,5,5,5,5,5,6,5,5,5,6,256,4
"257",1,1,1,1,1,1,1,1,1,1,1,1,1,2,1,1,1,1,1,1,1,1,1,2,1,1,1,1,1,1,257,2
"258",1,1,1,2,3,2,2,1,3,1,3,4,3,3,1,2,1,1,1,1,1,1,1,2,3,2,2,1,3,1,258,4
"259",2,1,2,1,1,2,1,1,1,1,1,1,1,1,1,1,1,1,1,2,1,1,1,1,1,1,1,1,1,2,259,4
"260",3,2,2,3,2,3,3,2,2,2,3,4,5,7,4,5,5,5,6,7,3,2,2,3,2,3,3,2,2,2,260,4
"261",8,9,7,9,9,9,9,9,9,9,8,9,7,9,9,9,9,9,9,9,8,9,7,9,9,9,9,9,9,9,261,2
"262",7,6,7,6,7,6,6,7,6,7,6,6,7,6,6,6,6,6,6,6,6,6,7,6,6,6,6,6,6,6,262,1
"263",3,2,3,2,1,1,1,1,1,1,2,2,1,2,6,2,9,5,5,5,3,2,3,2,1,1,1,1,1,1,263,1
"264",1,1,1,1,1,2,1,1,1,1,4,2,3,4,4,1,1,1,2,3,6,5,4,4,5,4,6,7,6,6,264,1
"265",4,8,6,8,9,4,6,8,9,9,4,8,6,8,9,4,6,8,9,9,4,8,6,8,9,4,6,8,9,9,265,2
"266",5,5,5,5,3,5,5,5,4,5,4,4,4,4,4,4,4,3,3,3,5,5,5,5,3,5,5,5,4,5,266,2
"267",5,5,5,4,4,4,5,4,5,5,5,5,5,4,4,4,5,4,5,5,5,5,5,4,4,4,5,4,5,5,267,4
"268",7,7,7,8,8,7,7,7,8,8,7,6,7,7,8,8,7,8,8,8,7,7,7,8,8,7,7,7,8,8,268,1
"269",3,2,2,2,2,2,2,2,2,1,1,1,1,1,2,1,3,3,1,4,6,6,6,6,6,6,7,7,6,6,269,1
"270",5,5,4,5,2,7,5,4,5,3,5,4,5,5,5,5,3,5,5,3,5,4,5,5,5,5,3,5,5,6,270,4
"271",3,2,6,6,4,4,4,2,2,4,3,2,6,6,4,4,4,4,5,7,3,2,6,6,4,4,4,3,4,4,271,4
"272",4,3,5,3,2,4,4,4,3,4,4,4,6,6,5,5,5,4,4,5,7,7,6,5,6,6,7,6,6,4,272,1
"273",4,2,5,1,1,5,4,5,3,4,4,2,5,1,1,5,4,5,3,4,4,2,5,1,1,5,4,5,3,4,273,2
"274",4,3,4,5,6,5,6,7,5,5,6,6,6,7,6,5,5,6,6,6,7,7,7,7,7,7,7,7,7,8,274,1
"275",2,2,2,9,2,2,1,1,1,1,4,4,4,4,3,3,4,4,4,8,8,7,4,4,9,8,4,8,7,7,275,1
"276",4,3,7,6,7,7,7,7,6,7,8,8,7,8,7,7,7,7,7,7,8,8,7,8,7,7,7,7,7,7,276,1
"277",1,1,1,1,1,1,1,1,1,1,1,1,1,1,1,1,1,1,1,1,6,6,2,1,5,2,6,5,5,3,277,1
"278",7,9,1,1,5,1,1,1,1,1,7,9,1,1,5,1,1,1,1,1,1,1,1,1,1,1,1,1,1,1,278,1
"279",7,7,7,6,6,7,6,6,6,6,6,7,7,7,7,6,7,6,6,7,7,7,7,8,6,7,6,6,7,8,279,1
"280",6,6,7,6,7,7,2,6,4,7,6,6,4,4,6,7,5,6,3,5,6,6,4,4,6,7,5,6,3,5,280,3
"281",1,1,1,1,1,1,1,1,1,1,1,1,1,1,1,1,1,1,1,1,9,1,1,1,1,1,1,1,1,1,281,1
"282",9,9,9,9,9,9,9,9,9,9,9,9,9,8,9,9,9,9,9,9,9,9,9,8,9,9,9,9,9,9,282,4
"283",6,6,6,6,4,6,6,5,4,4,7,7,6,6,6,6,6,6,6,6,6,6,6,6,4,6,6,5,4,4,283,2
"284",2,1,1,5,1,3,1,2,2,1,1,2,1,1,2,2,1,2,3,2,2,1,1,5,1,3,1,2,2,1,284,4
"285",1,1,2,7,7,1,1,6,5,8,7,7,6,6,4,5,5,8,7,6,7,7,6,6,4,5,5,8,7,6,285,3
"286",6,6,6,6,6,6,6,6,6,7,6,6,6,6,6,6,6,6,6,6,6,6,6,6,6,6,6,6,6,9,286,2
"287",1,1,9,1,8,7,8,7,6,4,8,8,3,9,7,5,1,1,4,8,9,9,7,7,9,7,8,7,6,3,287,1
"288",3,3,4,5,4,7,7,7,2,4,3,3,4,5,4,7,7,7,2,4,7,8,6,5,6,5,7,5,4,8,288,3
"289",1,1,9,8,8,8,8,8,8,8,8,8,8,8,8,8,6,6,6,7,1,1,9,8,8,8,8,8,8,8,289,2
"290",4,3,4,2,3,3,3,2,2,3,2,1,1,4,2,4,2,4,4,3,2,1,1,4,2,4,2,4,4,3,290,2
"291",1,1,1,1,1,3,1,5,2,2,4,3,3,3,3,4,1,4,5,7,8,6,5,5,6,5,8,6,6,4,291,1
"292",6,5,5,5,5,5,7,6,9,3,9,5,5,6,4,1,6,5,4,5,5,5,7,5,5,6,5,3,1,5,292,4
"293",1,1,1,1,1,1,1,1,1,1,1,1,1,1,1,1,1,1,1,1,1,1,1,1,1,1,1,1,1,1,293,1
"294",9,8,7,7,7,5,7,7,5,7,9,8,7,7,7,5,7,7,5,7,9,8,7,7,7,5,7,7,5,7,294,2
"295",5,5,5,5,5,5,5,5,5,5,5,5,5,5,5,5,5,5,5,5,5,5,5,5,5,5,5,5,5,5,295,2
"296",7,6,6,6,7,6,6,6,6,7,6,6,5,6,5,6,6,6,6,6,5,7,6,7,7,6,7,7,7,6,296,2
"297",9,9,1,2,3,2,1,1,1,2,3,3,4,6,6,2,6,1,2,4,9,9,1,2,3,2,1,1,1,2,297,4
"298",1,1,1,2,2,4,2,1,1,3,1,1,1,2,2,4,2,1,1,3,1,1,1,2,2,4,2,1,1,3,298,2
"299",3,2,7,3,7,6,2,6,7,7,4,7,7,8,5,4,5,7,2,4,3,2,7,3,7,6,2,6,7,7,299,1
"300",3,2,2,2,2,2,2,2,2,2,6,4,4,3,4,4,3,3,4,5,3,2,2,2,2,2,2,2,2,2,300,2
"301",4,2,6,7,4,7,3,7,7,5,6,4,4,6,3,3,2,5,4,6,6,4,4,6,3,3,2,5,4,6,301,1
"302",3,3,3,3,3,3,3,3,3,3,3,3,3,3,3,3,3,3,3,3,3,3,3,3,3,3,3,3,3,3,302,2
"303",2,2,2,1,1,3,1,1,1,2,2,2,2,1,1,3,1,1,1,2,8,4,4,4,6,4,8,5,5,4,303,4
"304",1,2,6,3,1,4,1,4,3,3,1,2,6,4,1,4,1,4,3,3,3,4,6,3,8,7,7,7,7,6,304,3
"305",5,9,6,6,6,7,6,6,5,7,7,7,6,8,8,8,8,9,9,9,9,9,9,9,9,9,9,9,9,9,305,1
"306",5,5,4,5,5,5,5,5,5,5,5,5,4,5,5,5,5,5,5,5,5,5,4,5,5,5,5,5,5,5,306,4
"307",6,1,2,1,1,3,1,1,1,2,2,2,5,6,1,2,1,1,6,6,9,4,8,2,5,6,1,5,6,7,307,1
"308",5,1,1,1,1,1,1,1,1,1,1,1,1,2,1,2,1,1,2,3,1,1,1,2,1,2,1,1,2,3,308,1
"309",3,3,4,2,2,4,2,3,5,3,3,4,4,3,5,4,7,8,5,4,3,3,3,4,3,5,2,2,4,7,309,1
"310",3,1,1,1,3,1,1,1,1,2,3,3,4,7,4,3,3,2,8,7,7,8,7,4,6,7,8,6,7,4,310,1
"311",1,1,1,1,1,1,1,1,1,1,1,1,1,1,1,1,1,1,1,6,1,1,1,1,1,1,1,1,1,1,311,3
"312",5,5,5,5,5,5,5,5,5,5,4,5,5,5,5,1,9,5,5,5,5,5,5,5,5,5,5,5,5,4,312,1
"313",1,1,2,4,1,2,2,2,2,2,3,7,7,6,3,7,3,4,7,6,1,1,2,4,1,2,2,2,2,2,313,4
"314",1,1,1,1,1,1,1,1,1,1,1,1,1,1,1,1,1,1,1,1,1,1,1,1,1,1,1,1,1,1,314,1
"315",9,9,9,9,9,9,9,9,3,8,2,8,9,8,8,8,8,9,8,8,9,9,9,9,9,9,9,9,3,8,315,4
"316",5,4,3,2,2,5,3,4,2,3,5,4,3,2,2,5,3,4,2,3,5,4,3,2,2,5,3,4,2,3,316,4
"317",4,4,3,2,2,2,1,1,1,1,5,5,5,5,4,4,3,3,3,4,5,5,5,5,4,4,3,3,3,4,317,1
"318",1,1,1,1,1,1,1,1,1,1,1,1,1,4,1,1,1,1,1,6,9,9,5,5,7,4,6,4,6,4,318,3
"319",2,8,6,4,4,2,7,6,6,7,4,6,4,3,4,3,4,2,6,3,2,8,6,4,4,2,7,6,6,7,319,2
"320",4,4,3,2,1,1,1,1,1,1,4,4,3,2,1,1,1,1,1,1,7,8,8,8,8,8,9,8,8,7,320,3
"321",1,5,1,5,4,4,1,2,1,1,2,1,1,4,1,3,2,3,1,2,1,5,1,5,4,4,1,2,1,1,321,2
"322",5,5,7,6,5,7,5,5,5,5,4,6,6,6,4,5,4,5,8,5,4,6,6,6,4,5,4,5,8,5,322,1
"323",5,5,1,1,1,5,5,1,1,1,5,5,1,1,1,5,5,1,1,1,1,1,5,5,5,1,1,4,4,5,323,1
"324",1,1,4,5,1,2,1,1,1,1,1,1,4,5,1,2,2,1,1,1,1,1,2,2,1,2,2,2,2,2,324,3
"325",9,7,8,8,8,9,8,9,9,9,9,9,9,9,9,9,9,9,9,4,9,7,8,8,8,9,8,9,9,9,325,2
"326",2,2,5,5,1,5,2,2,3,3,7,7,7,7,7,7,7,7,7,7,7,7,7,7,7,7,7,7,7,7,326,1
"327",5,6,6,4,3,4,5,6,6,3,5,6,6,4,3,4,5,6,6,3,6,6,6,7,6,6,9,8,5,6,327,1
"328",4,4,6,4,4,6,4,4,4,4,2,3,3,6,4,4,4,4,4,4,4,4,6,4,4,6,4,4,4,4,328,4
"329",6,7,6,6,3,6,3,1,1,5,9,8,7,7,6,3,7,5,4,5,9,8,7,7,6,3,7,5,4,5,329,1
"330",4,2,5,2,5,5,5,6,5,4,4,2,5,2,5,5,5,6,5,4,7,7,6,6,6,6,8,7,7,6,330,3
"331",6,3,1,2,1,1,1,1,1,1,2,2,1,2,2,2,2,2,2,2,2,2,2,2,2,2,2,2,2,2,331,2
"332",5,4,2,1,1,2,1,1,1,5,5,4,2,1,1,2,2,1,1,5,5,4,2,1,1,2,1,1,1,5,332,2
"333",6,5,4,5,5,6,5,6,5,4,6,6,4,6,7,6,6,6,4,6,6,6,4,6,7,6,6,6,4,6,333,1
"334",1,1,1,1,3,1,6,2,1,1,1,1,1,1,1,1,1,1,1,1,1,1,1,1,3,1,6,2,1,1,334,1
"335",3,4,7,6,5,5,4,3,4,3,3,3,4,4,3,3,3,2,4,3,4,4,6,4,5,4,6,6,6,5,335,3
"336",3,2,3,3,2,3,3,3,2,2,3,2,3,3,2,3,3,3,2,2,2,2,3,3,3,2,3,3,3,3,336,1
"337",9,9,8,4,7,9,9,8,7,4,9,9,8,4,7,9,9,8,7,4,9,9,9,9,9,9,9,9,9,9,337,3
"338",9,1,1,1,1,1,1,1,1,2,3,4,3,4,2,2,1,2,1,2,9,1,1,1,1,1,1,1,1,2,338,4
"339",4,3,1,4,3,2,1,3,2,4,5,4,4,5,6,6,6,6,6,8,4,3,1,4,3,2,1,3,2,4,339,4
"340",4,4,5,4,4,4,5,4,4,4,4,4,4,4,4,4,4,4,4,5,4,4,4,4,4,4,4,4,4,5,340,2
"341",9,9,9,9,9,9,9,9,9,9,9,9,9,9,9,9,9,9,9,9,9,9,9,9,9,9,9,9,9,9,341,2
"342",3,4,4,2,4,4,4,5,4,2,4,4,3,3,4,3,1,1,3,3,3,4,4,2,4,4,4,5,4,2,342,4
"343",4,5,4,4,5,6,4,3,4,4,4,5,4,4,5,6,4,3,4,4,7,7,6,6,6,6,6,7,7,7,343,3
"344",6,7,7,7,6,5,7,6,6,7,6,7,7,7,6,5,7,6,6,7,5,7,6,6,7,7,6,8,8,8,344,1
"345",1,7,4,5,8,2,9,7,8,8,1,1,1,4,6,1,7,8,2,3,1,7,4,5,8,2,9,7,8,8,345,2
"346",8,8,7,7,7,7,8,6,7,8,7,7,7,7,7,7,7,7,8,7,8,8,7,7,7,7,8,6,7,8,346,4
"347",5,5,8,9,9,7,9,6,6,8,8,6,5,2,6,3,6,6,4,7,5,5,8,9,9,7,9,6,6,8,347,2
"348",3,2,2,3,3,3,2,2,2,3,5,5,5,5,5,5,6,5,5,5,3,2,2,3,3,3,2,2,2,3,348,4
"349",6,7,7,8,6,5,4,4,6,3,5,4,4,2,8,6,3,3,7,9,5,4,4,2,8,6,3,3,7,9,349,1
"350",9,9,4,5,5,1,5,1,5,4,9,7,4,5,5,1,5,1,5,4,5,9,5,5,6,6,6,9,5,9,350,1
"351",1,1,1,1,1,1,1,1,1,5,1,1,1,1,1,1,1,1,1,5,1,1,1,1,1,1,1,1,1,5,351,2
"352",5,5,5,5,3,5,4,4,4,4,5,5,5,5,3,5,4,4,4,4,4,4,4,4,4,4,4,4,4,4,352,3
"353",4,4,5,4,4,5,3,4,3,5,9,8,8,8,9,4,6,4,9,7,1,1,1,7,4,7,1,8,5,6,353,3
"354",3,1,3,3,1,6,2,2,3,4,4,6,6,6,4,6,5,2,2,5,3,1,3,3,1,6,2,2,3,4,354,2
"355",2,1,2,1,1,3,1,1,1,1,1,3,3,5,2,2,1,1,3,5,4,3,4,4,3,4,2,2,3,4,355,3
"356",2,1,4,4,3,4,3,6,6,6,4,6,5,6,3,3,3,3,3,4,4,6,5,6,3,3,3,3,3,4,356,1
"357",3,3,1,3,1,7,1,5,1,1,6,6,6,5,6,4,6,6,4,7,6,6,6,5,6,4,6,6,4,7,357,1
"358",1,1,1,1,1,1,1,1,1,1,1,1,1,1,1,1,1,1,1,1,1,1,1,1,1,1,3,5,5,4,358,1
"359",3,7,7,7,7,9,4,2,1,1,9,9,9,9,9,9,9,9,9,9,9,9,9,9,9,9,9,9,9,9,359,1
"360",1,1,1,1,1,1,1,1,1,1,1,2,1,1,1,1,1,1,1,1,1,1,1,1,1,1,1,1,1,1,360,4
"361",1,1,1,1,1,2,1,1,1,1,3,4,3,4,7,2,2,1,9,4,1,1,1,1,1,2,1,1,1,1,361,2
"362",1,1,7,2,6,3,2,2,3,6,4,6,3,6,7,1,2,6,6,7,4,6,3,6,7,1,2,6,6,7,362,1
"363",2,2,8,8,2,8,3,8,8,8,2,2,8,8,2,8,3,8,8,8,2,2,8,8,2,8,3,8,8,8,363,4
"364",5,6,5,5,6,5,5,5,5,3,5,6,5,5,5,5,5,5,5,3,5,6,5,5,6,5,5,5,5,3,364,4
"365",5,5,1,5,1,1,1,1,5,1,1,1,1,1,1,1,1,1,1,1,5,5,1,5,1,1,1,1,5,1,365,4
"366",4,7,7,8,8,8,7,7,9,7,9,8,7,9,9,7,7,8,7,9,9,8,7,9,9,7,7,8,7,9,366,1
"367",4,3,4,4,4,3,4,4,5,5,3,4,4,5,5,5,5,5,5,5,4,3,4,4,4,3,4,4,5,5,367,4
"368",1,1,1,9,1,5,1,9,9,9,9,9,9,9,9,9,9,9,9,9,1,1,1,9,1,5,1,9,9,9,368,4
"369",4,5,3,2,2,3,1,3,3,4,4,2,3,5,3,4,2,2,2,4,4,5,3,2,2,3,1,3,3,4,369,1
"370",1,1,1,1,9,9,9,9,9,9,9,9,9,9,9,9,9,9,9,4,1,1,1,1,9,9,9,9,9,9,370,2
"371",1,1,1,2,1,4,1,1,2,2,2,4,3,7,3,3,2,2,3,7,1,1,1,2,1,4,1,1,2,2,371,4
"372",5,1,1,1,1,3,1,1,1,1,1,3,1,3,2,2,1,1,3,2,5,1,1,1,1,3,1,1,1,1,372,4
"373",5,1,1,1,1,3,1,1,1,1,5,1,1,1,1,3,1,1,1,1,5,1,1,1,1,3,1,1,1,1,373,4
"374",5,5,6,5,5,6,5,4,4,4,5,5,5,6,5,6,5,5,6,7,8,7,6,7,8,7,9,8,8,7,374,1
"375",4,4,5,5,5,5,5,4,4,4,4,4,5,5,5,5,5,4,4,4,4,4,5,5,5,5,5,4,4,4,375,4
"376",3,3,4,4,4,4,4,4,4,4,4,3,3,3,3,4,3,3,4,3,3,3,4,4,4,4,4,4,4,4,376,1
"377",5,1,1,1,1,1,1,1,1,1,4,3,5,4,5,1,3,5,2,1,5,1,1,1,1,1,1,1,1,1,377,2
"378",1,3,3,3,3,3,5,4,4,4,1,3,3,3,3,3,5,4,4,4,1,3,3,3,3,3,5,4,4,4,378,1
"379",5,1,2,3,5,3,4,3,1,1,5,1,2,3,5,3,4,3,1,1,5,1,2,3,5,3,4,3,1,1,379,4
"380",6,1,1,1,4,2,2,3,3,3,1,3,1,1,1,2,1,1,2,2,1,3,1,1,1,2,1,1,2,2,380,1
"381",1,1,1,1,1,2,1,1,1,1,4,6,2,1,2,1,2,1,1,1,6,7,7,7,8,7,8,9,8,9,381,3
"382",2,3,6,4,3,5,3,4,4,6,5,6,5,6,6,5,6,5,5,6,5,6,5,6,6,5,6,5,5,6,382,1
"383",8,7,5,7,5,5,5,5,5,5,5,5,5,5,5,1,5,5,5,5,5,5,5,5,5,5,5,5,5,5,383,1
"384",1,1,1,1,1,1,1,1,1,1,3,3,3,3,2,2,2,2,1,2,3,3,3,3,2,2,2,2,1,2,384,2
"385",6,3,4,6,4,6,3,4,5,2,5,6,4,5,5,4,4,4,5,4,6,8,4,6,4,4,7,5,6,4,385,1
"386",1,1,2,1,1,2,1,1,1,1,1,1,2,1,1,2,1,1,1,1,1,1,2,1,1,2,1,1,1,1,386,2
"387",3,8,4,3,1,4,1,1,1,1,4,2,3,3,2,2,2,1,2,2,3,8,4,3,1,4,1,1,1,1,387,4
"388",4,1,1,2,4,6,4,4,5,3,4,1,1,2,4,6,4,4,5,3,4,1,1,2,4,6,4,4,5,3,388,1
"389",5,3,1,1,5,9,9,2,4,9,5,5,5,5,5,5,5,2,1,3,5,3,1,1,5,9,9,2,4,9,389,4
"390",3,1,2,1,1,4,1,1,1,3,5,1,7,8,4,6,3,6,1,9,9,9,7,9,9,7,9,6,9,8,390,3
"391",4,5,5,5,7,7,5,5,5,5,4,5,5,5,7,7,5,5,5,5,5,3,5,6,7,5,9,6,7,6,391,3
"392",4,4,2,3,3,2,3,3,3,2,4,4,2,3,3,2,3,3,3,2,4,4,2,3,3,2,3,3,3,2,392,2
"393",1,1,1,1,1,1,1,1,1,1,1,1,1,1,1,1,1,1,1,1,1,1,1,1,1,1,1,1,1,1,393,2
"394",1,1,1,1,1,1,1,1,1,1,1,1,1,1,1,1,1,1,5,9,1,1,1,1,1,1,1,1,5,9,394,4
"395",8,3,8,4,8,8,1,6,6,3,8,8,5,4,7,7,4,6,8,3,8,3,8,4,8,8,1,6,6,3,395,4
"396",1,1,1,1,1,1,1,1,1,1,1,1,1,1,1,1,1,1,1,1,1,1,1,1,1,1,1,1,1,1,396,2
"397",2,1,9,8,2,6,2,4,8,6,6,7,8,6,6,6,7,6,5,7,6,7,9,6,6,6,7,6,5,7,397,1
"398",7,1,1,2,3,3,1,1,2,1,2,3,2,7,5,6,4,4,6,7,9,9,9,9,9,9,9,9,9,9,398,1
"399",5,5,6,4,6,4,5,7,6,4,5,6,7,6,6,6,6,6,6,7,5,6,7,6,6,6,6,6,6,7,399,1
"400",4,2,7,5,4,6,2,2,5,5,4,2,7,5,4,6,2,2,5,5,6,4,5,4,6,6,4,5,4,4,400,1
"401",4,2,2,3,1,2,5,4,4,2,4,2,2,3,1,2,5,4,4,2,2,5,4,6,7,6,4,3,2,4,401,3
"402",1,1,4,1,1,6,1,1,1,3,1,1,1,2,1,1,1,1,1,1,1,1,4,1,1,6,1,1,1,3,402,4
"403",3,3,4,2,4,2,3,3,2,2,4,3,3,4,2,6,1,1,1,4,3,3,4,2,4,2,3,3,2,2,403,2
"404",4,5,4,5,5,4,4,4,4,4,4,5,5,4,4,5,5,5,4,4,4,5,4,5,5,4,4,4,4,4,404,2
"405",7,6,5,4,7,2,1,2,3,2,2,4,4,5,2,3,2,5,3,3,1,3,6,5,5,4,1,6,6,4,405,1
"406",2,2,7,4,7,7,4,8,8,7,2,2,7,4,7,7,4,8,8,7,7,7,7,8,8,6,6,8,6,8,406,3
"407",1,1,7,1,1,3,1,1,2,2,1,1,7,1,1,3,1,1,2,2,7,8,7,6,9,7,9,9,9,7,407,3
"408",1,2,2,3,2,2,1,1,1,2,4,4,3,4,3,2,4,1,5,3,4,4,3,4,3,2,4,1,5,3,408,2
"409",6,3,3,6,7,5,2,2,2,2,4,3,2,5,3,2,4,3,3,4,5,7,6,6,7,6,6,7,7,6,409,1
"410",1,1,2,1,1,1,2,1,1,2,1,2,1,8,1,2,1,1,2,1,1,1,2,1,1,1,2,1,1,2,410,2
"411",2,9,9,1,1,1,1,1,1,1,2,9,9,1,1,1,1,1,1,1,9,9,9,9,9,9,9,9,9,9,411,3
"412",9,9,9,9,9,9,1,9,9,9,9,8,9,9,9,9,7,9,9,8,9,9,9,9,9,9,1,9,9,9,412,2
"413",1,1,3,7,4,8,6,3,3,7,3,3,5,6,6,4,4,6,3,7,1,1,3,7,4,8,6,3,3,7,413,2
"414",3,3,3,2,2,2,2,1,2,3,6,7,6,6,5,6,5,4,4,4,3,3,3,2,2,2,2,1,2,3,414,2
"415",4,3,4,5,4,5,3,2,1,3,4,3,4,5,4,5,3,2,1,3,7,9,4,6,9,4,9,9,7,5,415,3
"416",1,1,1,1,1,1,7,1,1,1,1,1,1,1,1,1,7,1,1,1,1,1,1,1,1,1,7,1,1,1,416,1
"417",4,3,1,5,5,4,1,5,5,5,4,3,1,5,5,4,1,5,5,5,8,7,7,7,7,7,8,6,7,5,417,3
"418",2,2,1,3,4,4,3,3,3,2,3,4,4,5,4,6,6,5,4,4,4,4,4,7,6,6,6,6,6,5,418,3
"419",7,4,6,6,6,7,6,6,4,6,5,6,6,6,6,6,6,6,4,5,5,6,6,6,6,6,6,6,4,5,419,1
"420",5,8,5,6,4,5,4,5,3,5,7,6,6,4,6,4,8,8,4,4,6,7,8,7,8,5,6,7,6,9,420,1
"421",8,2,6,5,5,7,2,6,4,3,5,5,7,7,5,9,6,9,9,5,8,2,6,5,5,7,2,6,4,3,421,4
"422",6,5,3,1,2,1,1,1,5,1,6,5,3,1,2,1,1,1,5,1,6,5,3,1,2,1,1,1,5,1,422,4
"423",6,4,6,8,4,4,2,3,3,3,3,5,5,5,4,4,5,4,5,7,4,8,7,5,8,5,4,6,6,8,423,2
"424",2,3,4,3,3,3,3,3,3,3,2,3,4,3,3,3,3,3,3,3,4,4,4,6,6,6,6,6,6,6,424,3
"425",2,6,5,6,5,6,4,5,4,5,2,6,5,6,5,6,4,5,4,5,8,6,6,5,7,5,8,5,6,4,425,1
"426",7,9,4,4,7,8,7,9,2,9,7,9,4,4,7,8,7,9,2,9,9,9,6,8,7,7,8,9,9,8,426,1
"427",3,1,1,1,1,1,1,1,1,1,1,2,1,3,1,1,1,1,3,3,4,4,3,3,3,4,4,4,3,3,427,1
"428",1,1,1,1,1,1,1,1,1,1,4,1,1,3,5,4,3,2,3,1,1,1,1,1,1,1,1,1,1,1,428,2
"429",1,1,1,1,1,1,1,1,1,1,1,1,1,1,1,1,1,1,1,1,1,9,1,1,1,1,9,1,1,6,429,3
"430",5,5,5,5,5,6,5,5,5,5,5,5,5,5,5,6,5,5,5,5,3,3,5,5,5,5,3,5,3,5,430,3
"431",2,4,5,3,2,5,3,4,3,5,2,4,5,3,2,5,3,4,3,5,2,4,5,3,2,5,3,4,3,5,431,4
"432",5,5,5,5,5,4,5,5,5,5,5,4,5,4,5,5,3,4,4,5,4,4,4,4,4,5,4,4,4,4,432,3
"433",1,1,2,1,2,7,1,2,1,1,1,1,2,1,2,7,1,2,1,1,1,1,2,1,2,7,1,2,1,1,433,2
"434",7,8,5,7,7,6,7,6,7,7,6,5,7,8,6,6,7,6,6,6,6,5,7,8,6,6,7,6,6,6,434,1
"435",4,5,4,4,3,5,5,5,6,4,2,5,5,4,4,5,6,5,6,5,4,5,4,4,3,5,5,5,6,4,435,1
"436",1,3,1,5,5,5,6,5,4,4,7,6,7,7,4,2,6,5,5,4,1,3,1,5,5,5,6,5,4,4,436,1
"437",3,4,3,3,3,3,2,3,3,3,3,5,3,6,4,2,2,1,3,3,3,4,3,3,3,3,2,3,3,3,437,2
"438",8,7,5,5,5,5,5,5,5,5,8,7,5,5,5,5,5,5,5,5,7,7,7,6,7,6,9,5,6,5,438,1
"439",1,5,6,5,5,5,4,5,5,5,1,5,6,5,5,5,4,5,5,5,3,5,6,5,6,6,7,6,7,3,439,3
"440",4,2,4,2,2,3,2,2,2,2,3,5,3,3,5,5,3,3,3,4,4,2,4,2,2,3,2,2,2,2,440,4
"441",2,3,2,2,2,2,3,3,4,4,4,4,5,6,6,7,7,8,8,8,8,7,9,9,9,9,8,7,7,9,441,1
"442",7,7,7,6,6,6,6,6,6,5,6,6,6,6,6,6,6,6,6,6,6,6,6,6,6,6,6,6,6,6,442,1
"443",1,3,3,4,1,4,2,2,4,3,1,3,3,4,1,4,2,2,4,3,1,3,3,4,1,4,2,2,4,3,443,2
"444",7,4,2,2,1,1,1,1,1,1,5,3,2,3,1,1,1,1,1,1,5,5,5,5,6,5,6,6,6,5,444,3
"445",6,6,6,6,6,6,6,7,7,7,6,6,7,6,6,6,6,6,6,7,6,6,6,6,6,6,6,7,7,7,445,1
"446",5,4,3,5,5,5,5,5,4,5,5,5,5,5,4,5,5,5,4,5,5,5,5,5,4,5,5,5,4,5,446,1
"447",6,4,3,3,4,6,3,4,3,2,6,4,3,3,4,6,3,4,3,2,5,6,7,7,7,7,8,8,8,7,447,1
"448",1,1,1,1,6,6,9,9,9,8,1,1,1,1,6,6,9,9,9,8,9,9,4,4,5,4,6,8,9,6,448,3
"449",3,3,6,6,7,6,7,6,6,6,3,3,6,6,7,6,7,6,6,6,6,7,6,6,6,6,7,6,6,6,449,1
"450",3,4,6,4,6,5,7,3,7,3,3,4,6,4,6,5,7,3,7,3,3,4,6,4,6,5,7,3,7,3,450,1
"451",3,3,2,3,2,3,2,2,1,1,1,1,1,1,1,1,1,1,1,2,1,3,2,1,2,2,1,2,2,2,451,2
"452",4,5,2,2,5,2,4,3,3,4,4,4,3,4,3,5,2,5,4,3,4,5,2,2,5,2,4,3,3,4,452,4
"453",3,3,4,4,3,6,3,5,3,2,3,3,4,4,3,6,3,5,3,2,8,8,7,7,8,6,8,8,9,8,453,1
"454",9,9,9,8,8,9,9,8,8,7,7,5,5,5,4,4,6,8,8,7,7,7,7,8,8,8,8,7,6,7,454,1
"455",8,2,2,1,1,2,9,2,2,2,8,2,2,1,1,2,9,2,2,2,7,5,3,3,6,6,9,8,7,3,455,3
"456",1,1,1,2,1,2,1,2,1,1,1,2,2,1,2,2,1,1,2,2,1,1,1,2,1,2,1,2,1,1,456,2
"457",1,1,2,7,7,9,7,9,5,2,2,3,2,4,1,2,1,2,1,2,1,1,2,7,7,9,7,9,5,2,457,4
"458",2,2,2,3,2,3,2,2,2,2,2,2,2,3,2,3,2,2,2,2,2,2,2,3,2,3,2,2,2,2,458,2
"459",1,2,1,1,1,1,1,1,1,1,2,1,1,1,1,7,2,2,1,1,1,2,1,1,1,1,1,1,1,1,459,4
"460",3,2,3,4,4,3,2,1,2,1,2,3,2,6,1,4,2,1,4,5,3,2,3,4,4,3,2,1,2,1,460,2
"461",4,1,2,1,1,2,3,1,3,3,3,5,4,5,5,6,6,3,4,4,3,5,4,5,5,6,6,3,4,4,461,1
"462",9,9,9,9,9,9,9,9,9,9,9,9,9,9,9,9,9,9,9,9,9,9,9,9,9,9,9,9,9,9,462,4
"463",8,8,9,9,5,5,6,5,8,7,7,9,8,8,8,9,9,5,9,8,8,8,9,9,5,5,6,5,8,7,463,1
"464",6,6,6,6,6,6,6,6,6,6,6,5,4,5,4,4,3,3,3,3,6,6,6,6,6,6,6,6,6,6,464,2
"465",8,9,9,7,7,9,9,6,8,5,8,9,9,7,7,9,9,6,8,5,5,7,7,6,7,7,6,6,7,7,465,1
"466",4,4,4,3,2,4,2,2,2,2,3,3,3,8,3,3,2,3,3,7,4,4,4,3,2,4,2,2,2,2,466,4
"467",5,3,5,9,5,5,5,5,5,2,5,3,5,9,5,5,5,5,5,2,5,3,5,9,5,5,5,5,5,2,467,2
"468",6,6,6,6,4,4,4,7,6,4,6,7,6,8,7,4,7,3,5,6,6,7,6,8,7,4,7,3,5,6,468,2
"469",2,1,1,1,1,1,1,1,1,1,1,1,1,1,1,1,1,1,1,1,2,2,2,1,2,1,2,2,3,1,469,1
"470",4,4,4,4,4,4,4,4,4,6,4,4,4,4,4,4,4,4,4,6,4,4,4,4,4,4,4,4,4,6,470,2
"471",5,4,5,8,9,7,5,4,5,5,6,6,4,8,6,5,4,5,2,5,5,6,4,6,4,4,6,7,6,6,471,4
"472",1,1,1,1,1,1,1,1,1,1,1,1,1,1,1,1,1,1,1,1,1,1,1,1,1,1,1,1,1,1,472,2
"473",3,3,5,4,4,3,4,3,4,3,6,6,4,6,3,4,4,3,4,6,3,3,5,4,4,3,4,3,4,3,473,4
"474",1,1,1,1,1,1,1,1,1,1,1,1,1,1,1,1,1,1,1,1,1,1,1,1,1,1,1,1,1,1,474,2
"475",6,5,5,5,4,4,4,2,5,5,2,5,3,6,8,8,5,7,6,5,6,5,5,5,4,4,4,2,4,5,475,4
"476",2,2,4,4,2,4,3,6,4,5,5,6,5,6,6,6,5,5,5,7,2,2,4,4,2,4,3,6,4,5,476,4
